Date,Date,Actual,ARIMA,Diff
2022-12-06,2022-12-06,142.91,146.69,-3.78
2022-12-07,2022-12-07,140.94,143.17,-2.23
2022-12-08,2022-12-08,142.65,141.17,1.48
2022-12-09,2022-12-09,142.16,142.65,-0.49
2022-12-12,2022-12-12,144.49,142.19,2.3
2022-12-13,2022-12-13,145.47,144.36,1.11
2022-12-14,2022-12-14,143.21,145.35,-2.14
2022-12-15,2022-12-15,136.5,143.3,-6.8
2022-12-16,2022-12-16,134.51,136.95,-2.44
2022-12-19,2022-12-19,132.37,134.83,-2.46
2022-12-20,2022-12-20,132.3,132.63,-0.33
2022-12-21,2022-12-21,135.45,132.43,3.02
2022-12-22,2022-12-22,132.23,135.34,-3.11
2022-12-23,2022-12-23,131.86,132.36,-0.5
2022-12-27,2022-12-27,130.03,131.94,-1.91
2022-12-28,2022-12-28,126.04,130.17,-4.13
2022-12-29,2022-12-29,129.61,126.33,3.28
2022-12-30,2022-12-30,129.93,129.54,0.39
2023-01-03,2023-01-03,125.07,129.88,-4.81
2023-01-04,2023-01-04,126.36,125.33,1.03
2023-01-05,2023-01-05,125.02,126.4,-1.38
2023-01-06,2023-01-06,129.62,125.12,4.5
2023-01-09,2023-01-09,130.15,129.39,0.76
2023-01-10,2023-01-10,130.73,130.01,0.72
2023-01-11,2023-01-11,133.49,130.63,2.86
2023-01-12,2023-01-12,133.41,133.28,0.13
2023-01-13,2023-01-13,134.76,133.32,1.44
2023-01-17,2023-01-17,135.94,134.64,1.3
2023-01-18,2023-01-18,135.21,135.82,-0.61
2023-01-19,2023-01-19,135.27,135.2,0.07
2023-01-20,2023-01-20,137.87,135.26,2.61
2023-01-23,2023-01-23,141.11,137.71,3.4
2023-01-24,2023-01-24,142.53,140.85,1.68
2023-01-25,2023-01-25,141.86,142.34,-0.48
2023-01-26,2023-01-26,143.96,141.81,2.15
2023-01-27,2023-01-27,145.93,143.82,2.11
2023-01-30,2023-01-30,143.0,145.76,-2.76
2023-01-31,2023-01-31,144.29,143.09,1.2
2023-02-01,2023-02-01,145.43,144.26,1.17
2023-02-02,2023-02-02,150.82,145.35,5.47
2023-02-03,2023-02-03,154.5,150.48,4.02
2023-02-06,2023-02-06,151.73,154.16,-2.43
2023-02-07,2023-02-07,154.65,151.73,2.92
2023-02-08,2023-02-08,151.92,154.49,-2.57
2023-02-09,2023-02-09,150.87,152.01,-1.14
2023-02-10,2023-02-10,151.01,150.97,0.04
2023-02-13,2023-02-13,153.85,151.04,2.81
2023-02-14,2023-02-14,153.2,153.7,-0.5
2023-02-15,2023-02-15,155.33,153.17,2.16
2023-02-16,2023-02-16,153.71,155.2,-1.49
2023-02-17,2023-02-17,152.55,153.75,-1.2
2023-02-21,2023-02-21,148.48,152.63,-4.15
2023-02-22,2023-02-22,148.91,148.75,0.16
2023-02-23,2023-02-23,149.4,149.0,0.4
2023-02-24,2023-02-24,146.71,149.41,-2.7
2023-02-27,2023-02-27,147.92,146.87,1.05
2023-02-28,2023-02-28,147.41,147.92,-0.51
2023-03-01,2023-03-01,145.31,147.44,-2.13
2023-03-02,2023-03-02,145.91,145.44,0.47
2023-03-03,2023-03-03,151.03,145.93,5.1
2023-03-06,2023-03-06,153.83,150.75,3.08
2023-03-07,2023-03-07,151.6,153.56,-1.96
2023-03-08,2023-03-08,152.87,151.6,1.27
2023-03-09,2023-03-09,150.59,152.8,-2.21
2023-03-10,2023-03-10,148.5,150.69,-2.19
2023-03-13,2023-03-13,150.47,148.66,1.81
2023-03-14,2023-03-14,152.59,150.43,2.16
2023-03-15,2023-03-15,152.99,152.45,0.54
2023-03-16,2023-03-16,155.85,152.91,2.94
2023-03-17,2023-03-17,155.0,155.65,-0.65
2023-03-20,2023-03-20,157.4,154.96,2.44
2023-03-21,2023-03-21,159.28,157.25,2.03
2023-03-22,2023-03-22,157.83,159.11,-1.28
2023-03-23,2023-03-23,158.93,157.83,1.1
2023-03-24,2023-03-24,160.25,158.87,1.38
2023-03-27,2023-03-27,158.28,160.15,-1.87
2023-03-28,2023-03-28,157.65,158.35,-0.7
2023-03-29,2023-03-29,160.77,157.71,3.06
2023-03-30,2023-03-30,162.36,160.62,1.74
2023-03-31,2023-03-31,164.9,162.21,2.69
2023-04-03,2023-04-03,166.17,164.69,1.48
2023-04-04,2023-04-04,165.63,166.01,-0.38
2023-04-05,2023-04-05,163.76,165.59,-1.83
2023-04-06,2023-04-06,164.66,163.84,0.82
2023-04-10,2023-04-10,162.03,164.65,-2.62
2023-04-11,2023-04-11,160.8,162.17,-1.37
2023-04-12,2023-04-12,160.1,160.93,-0.83
2023-04-13,2023-04-13,165.56,160.19,5.37
2023-04-14,2023-04-14,165.21,165.3,-0.09
2023-04-17,2023-04-17,165.23,165.11,0.12
2023-04-18,2023-04-18,166.47,165.18,1.29
2023-04-19,2023-04-19,167.63,166.38,1.25
2023-04-20,2023-04-20,166.65,167.53,-0.88
2023-04-21,2023-04-21,165.02,166.66,-1.64
2023-04-24,2023-04-24,165.33,165.11,0.22
2023-04-25,2023-04-25,163.77,165.36,-1.59
2023-04-26,2023-04-26,163.76,163.87,-0.11
2023-04-27,2023-04-27,168.41,163.8,4.61
2023-04-28,2023-04-28,169.68,168.18,1.5
2023-05-01,2023-05-01,169.59,169.5,0.09
2023-05-02,2023-05-02,168.54,169.51,-0.97
2023-05-03,2023-05-03,167.45,168.56,-1.11
2023-05-04,2023-05-04,165.79,167.52,-1.73
2023-05-05,2023-05-05,173.57,165.91,7.66
2023-05-08,2023-05-08,173.5,173.19,0.31
2023-05-09,2023-05-09,171.77,173.33,-1.56
2023-05-10,2023-05-10,173.55,171.78,1.77
2023-05-11,2023-05-11,173.75,173.46,0.29
2023-05-12,2023-05-12,172.57,173.7,-1.13
2023-05-15,2023-05-15,172.07,172.61,-0.54
2023-05-16,2023-05-16,172.07,172.12,-0.05
2023-05-17,2023-05-17,172.69,172.09,0.6
2023-05-18,2023-05-18,175.05,172.67,2.38
2023-05-19,2023-05-19,175.16,174.91,0.25
2023-05-22,2023-05-22,174.2,175.09,-0.89
2023-05-23,2023-05-23,171.56,174.22,-2.66
2023-05-24,2023-05-24,171.84,171.72,0.12
2023-05-25,2023-05-25,172.99,171.9,1.09
2023-05-26,2023-05-26,175.43,172.95,2.48
2023-05-30,2023-05-30,177.3,175.28,2.02
2023-05-31,2023-05-31,177.25,177.12,0.13
2023-06-01,2023-06-01,180.09,177.17,2.92
2023-06-02,2023-06-02,180.95,179.9,1.05
2023-06-05,2023-06-05,179.58,180.81,-1.23
2023-06-06,2023-06-06,179.21,179.59,-0.38
2023-06-07,2023-06-07,177.82,179.23,-1.41
2023-06-08,2023-06-08,180.57,177.91,2.66
2023-06-09,2023-06-09,180.96,180.46,0.5
2023-06-12,2023-06-12,183.79,180.89,2.9
2023-06-13,2023-06-13,183.31,183.6,-0.29
2023-06-14,2023-06-14,183.95,183.24,0.71
2023-06-15,2023-06-15,186.01,183.88,2.13
2023-06-16,2023-06-16,184.92,185.87,-0.95
2023-06-20,2023-06-20,185.01,184.91,0.1
2023-06-21,2023-06-21,183.96,185.0,-1.04
2023-06-22,2023-06-22,187.0,184.01,2.99
2023-06-23,2023-06-23,186.68,186.86,-0.18
2023-06-26,2023-06-26,185.27,186.63,-1.36
2023-06-27,2023-06-27,188.06,185.32,2.74
2023-06-28,2023-06-28,189.25,187.93,1.32
2023-06-29,2023-06-29,189.59,189.12,0.47
2023-06-30,2023-06-30,193.97,189.51,4.46
2023-07-03,2023-07-03,192.46,193.7,-1.24
2023-07-05,2023-07-05,191.33,192.41,-1.08
2023-07-06,2023-07-06,191.81,191.37,0.44
2023-07-07,2023-07-07,190.68,191.8,-1.12
2023-07-10,2023-07-10,188.61,190.74,-2.13
2023-07-11,2023-07-11,188.08,188.75,-0.67
2023-07-12,2023-07-12,189.77,188.18,1.59
2023-07-13,2023-07-13,190.54,189.72,0.82
2023-07-14,2023-07-14,190.69,190.48,0.21
2023-07-17,2023-07-17,193.99,190.65,3.34
2023-07-18,2023-07-18,193.73,193.79,-0.06
2023-07-19,2023-07-19,195.1,193.65,1.45
2023-07-20,2023-07-20,193.13,194.99,-1.86
2023-07-21,2023-07-21,191.94,193.18,-1.24
2023-07-24,2023-07-24,192.75,192.03,0.72
2023-07-25,2023-07-25,193.62,192.75,0.87
2023-07-26,2023-07-26,194.5,193.57,0.93
2023-07-27,2023-07-27,193.22,194.43,-1.21
2023-07-28,2023-07-28,195.83,193.26,2.57
2023-07-31,2023-07-31,196.45,195.7,0.75
2023-08-01,2023-08-01,195.6,196.36,-0.76
2023-08-02,2023-08-02,192.58,195.6,-3.02
2023-08-03,2023-08-03,191.17,192.75,-1.58
2023-08-04,2023-08-04,181.99,191.33,-9.34
2023-08-07,2023-08-07,178.85,182.53,-3.68
2023-08-08,2023-08-08,179.8,179.24,0.56
2023-08-09,2023-08-09,178.19,179.95,-1.76
2023-08-10,2023-08-10,177.97,178.33,-0.36
2023-08-11,2023-08-11,177.79,178.05,-0.26
2023-08-14,2023-08-14,179.46,177.83,1.63
2023-08-15,2023-08-15,177.45,179.4,-1.95
2023-08-16,2023-08-16,176.57,177.52,-0.95
2023-08-17,2023-08-17,174.0,176.64,-2.64
2023-08-18,2023-08-18,174.49,174.15,0.34
2023-08-21,2023-08-21,175.84,174.54,1.3
2023-08-22,2023-08-22,177.23,175.8,1.43
2023-08-23,2023-08-23,181.12,177.15,3.97
2023-08-24,2023-08-24,176.38,180.9,-4.52
2023-08-25,2023-08-25,178.61,176.5,2.11
2023-08-28,2023-08-28,180.19,178.56,1.63
2023-08-29,2023-08-29,184.12,180.09,4.03
2023-08-30,2023-08-30,187.65,183.88,3.77
2023-08-31,2023-08-31,187.87,187.38,0.49
2023-09-01,2023-09-01,189.46,187.74,1.72
2023-09-05,2023-09-05,189.7,189.33,0.37
2023-09-06,2023-09-06,182.91,189.63,-6.72
2023-09-07,2023-09-07,177.56,183.18,-5.62
2023-09-08,2023-09-08,178.18,177.9,0.28
2023-09-11,2023-09-11,179.36,178.33,1.03
2023-09-12,2023-09-12,176.3,179.39,-3.09
2023-09-13,2023-09-13,174.21,176.44,-2.23
2023-09-14,2023-09-14,175.74,174.37,1.37
2023-09-15,2023-09-15,175.01,175.76,-0.75
2023-09-18,2023-09-18,177.97,175.05,2.92
2023-09-19,2023-09-19,179.07,177.87,1.2
2023-09-20,2023-09-20,175.49,178.97,-3.48
2023-09-21,2023-09-21,173.93,175.59,-1.66
2023-09-22,2023-09-22,174.79,174.05,0.74
2023-09-25,2023-09-25,176.08,174.81,1.27
2023-09-26,2023-09-26,171.96,176.04,-4.08
2023-09-27,2023-09-27,170.43,172.11,-1.68
2023-09-28,2023-09-28,170.69,170.57,0.12
2023-09-29,2023-09-29,171.21,170.75,0.46
2023-10-02,2023-10-02,173.75,171.22,2.53
2023-10-03,2023-10-03,172.4,173.65,-1.25
2023-10-04,2023-10-04,173.66,172.4,1.26
2023-10-05,2023-10-05,174.91,173.61,1.3
2023-10-06,2023-10-06,177.49,174.83,2.66
2023-10-09,2023-10-09,178.99,177.34,1.65
2023-10-10,2023-10-10,178.39,178.85,-0.46
2023-10-11,2023-10-11,179.8,178.34,1.46
2023-10-12,2023-10-12,180.71,179.72,0.99
2023-10-13,2023-10-13,178.85,180.63,-1.78
2023-10-16,2023-10-16,178.72,178.89,-0.17
2023-10-17,2023-10-17,177.15,178.74,-1.59
2023-10-18,2023-10-18,175.84,177.23,-1.39
2023-10-19,2023-10-19,175.46,175.93,-0.47
2023-10-20,2023-10-20,172.88,175.52,-2.64
2023-10-23,2023-10-23,173.0,173.02,-0.02
2023-10-24,2023-10-24,173.44,173.07,0.37
2023-10-25,2023-10-25,171.1,173.46,-2.36
2023-10-26,2023-10-26,166.89,171.2,-4.31
2023-10-27,2023-10-27,168.22,167.11,1.11
2023-10-30,2023-10-30,170.29,168.28,2.01
2023-10-31,2023-10-31,170.77,170.24,0.53
2023-11-01,2023-11-01,173.97,170.72,3.25
2023-11-02,2023-11-02,177.57,173.82,3.75
2023-11-03,2023-11-03,176.65,177.36,-0.71
2023-11-06,2023-11-06,179.23,176.57,2.66
2023-11-07,2023-11-07,181.82,179.09,2.73
2023-11-08,2023-11-08,182.89,181.66,1.23
2023-11-09,2023-11-09,182.41,182.77,-0.36
2023-11-10,2023-11-10,186.4,182.37,4.03
2023-11-13,2023-11-13,184.8,186.23,-1.43
2023-11-14,2023-11-14,187.44,184.78,2.66
2023-11-15,2023-11-15,188.01,187.33,0.68
2023-11-16,2023-11-16,189.71,187.94,1.77
2023-11-17,2023-11-17,189.69,189.61,0.08
2023-11-20,2023-11-20,191.45,189.65,1.8
2023-11-21,2023-11-21,190.64,191.36,-0.72
2023-11-22,2023-11-22,191.31,190.63,0.68
2023-11-24,2023-11-24,189.97,191.28,-1.31
2023-11-27,2023-11-27,189.79,190.01,-0.22
2023-11-28,2023-11-28,190.4,189.81,0.59
2023-11-29,2023-11-29,189.37,190.39,-1.02
2023-11-30,2023-11-30,189.95,189.4,0.55
2023-12-01,2023-12-01,191.24,189.94,1.3
2023-12-04,2023-12-04,189.43,191.19,-1.76
2023-12-05,2023-12-05,193.42,189.47,3.95
2023-12-06,2023-12-06,192.32,193.29,-0.97
2023-12-07,2023-12-07,194.27,192.3,1.97
2023-12-08,2023-12-08,195.71,194.19,1.52
2023-12-11,2023-12-11,193.18,195.62,-2.44
2023-12-12,2023-12-12,194.71,193.24,1.47
2023-12-13,2023-12-13,197.96,194.68,3.28
2023-12-14,2023-12-14,198.11,197.82,0.29
2023-12-15,2023-12-15,197.57,198.04,-0.47
2023-12-18,2023-12-18,195.89,197.56,-1.67
2023-12-19,2023-12-19,196.94,195.95,0.99
2023-12-20,2023-12-20,194.83,196.93,-2.1
2023-12-21,2023-12-21,194.68,194.91,-0.23
2023-12-22,2023-12-22,193.6,194.72,-1.12
2023-12-26,2023-12-26,193.05,193.66,-0.61
2023-12-27,2023-12-27,193.15,193.1,0.05
2023-12-28,2023-12-28,193.58,193.17,0.41
2023-12-29,2023-12-29,192.53,193.57,-1.04
2024-01-02,2024-01-02,185.64,192.57,-6.93
2024-01-03,2024-01-03,184.25,185.92,-1.67
2024-01-04,2024-01-04,181.91,184.42,-2.51
2024-01-05,2024-01-05,181.18,182.07,-0.89
2024-01-08,2024-01-08,185.56,181.27,4.29
2024-01-09,2024-01-09,185.14,185.45,-0.31
2024-01-10,2024-01-10,186.19,185.1,1.09
2024-01-11,2024-01-11,185.59,186.14,-0.55
2024-01-12,2024-01-12,185.92,185.59,0.33
2024-01-16,2024-01-16,183.63,185.91,-2.28
2024-01-17,2024-01-17,182.68,183.71,-1.03
2024-01-18,2024-01-18,188.63,182.75,5.88
2024-01-19,2024-01-19,191.56,188.44,3.12
2024-01-22,2024-01-22,193.89,191.37,2.52
2024-01-23,2024-01-23,195.18,193.72,1.46
2024-01-24,2024-01-24,194.5,195.06,-0.56
2024-01-25,2024-01-25,194.17,194.47,-0.3
2024-01-26,2024-01-26,192.42,194.16,-1.74
2024-01-29,2024-01-29,191.73,192.48,-0.75
2024-01-30,2024-01-30,188.04,191.78,-3.74
2024-01-31,2024-01-31,184.4,188.18,-3.78
2024-02-01,2024-02-01,186.86,184.58,2.28
2024-02-02,2024-02-02,185.85,186.87,-1.02
2024-02-05,2024-02-05,187.68,185.89,1.79
2024-02-06,2024-02-06,189.3,187.64,1.66
2024-02-07,2024-02-07,189.41,189.23,0.18
2024-02-08,2024-02-08,188.32,189.37,-1.05
2024-02-09,2024-02-09,188.85,188.34,0.51
2024-02-12,2024-02-12,187.15,188.84,-1.69
2024-02-13,2024-02-13,185.04,187.2,-2.16
2024-02-14,2024-02-14,184.15,185.13,-0.98
2024-02-15,2024-02-15,183.86,184.22,-0.36
2024-02-16,2024-02-16,182.31,183.91,-1.6
2024-02-20,2024-02-20,181.56,182.38,-0.82
2024-02-21,2024-02-21,182.32,181.62,0.7
2024-02-22,2024-02-22,184.37,182.33,2.04
2024-02-23,2024-02-23,182.52,184.31,-1.79
2024-02-26,2024-02-26,181.16,182.55,-1.39
2024-02-27,2024-02-27,182.63,181.22,1.41
2024-02-28,2024-02-28,181.42,182.61,-1.19
2024-02-29,2024-02-29,180.75,181.45,-0.7
2024-03-01,2024-03-01,179.66,180.79,-1.13
2024-03-04,2024-03-04,175.1,179.71,-4.61
2024-03-05,2024-03-05,170.12,175.27,-5.15
2024-03-06,2024-03-06,169.12,170.34,-1.22
2024-03-07,2024-03-07,169.0,169.25,-0.25
2024-03-08,2024-03-08,170.73,169.07,1.66
2024-03-11,2024-03-11,172.75,170.72,2.03
2024-03-12,2024-03-12,173.23,172.69,0.54
2024-03-13,2024-03-13,171.13,173.19,-2.06
2024-03-14,2024-03-14,173.0,171.16,1.84
2024-03-15,2024-03-15,172.62,172.97,-0.35
2024-03-18,2024-03-18,173.72,172.61,1.11
2024-03-19,2024-03-19,176.08,173.69,2.39
2024-03-20,2024-03-20,178.67,176.0,2.67
2024-03-21,2024-03-21,171.37,178.56,-7.19
2024-03-22,2024-03-22,172.28,171.52,0.76
2024-03-25,2024-03-25,170.85,172.33,-1.48
2024-03-26,2024-03-26,169.71,170.92,-1.21
2024-03-27,2024-03-27,173.31,169.78,3.53
2024-03-28,2024-03-28,171.48,173.24,-1.76
2024-04-01,2024-04-01,170.03,171.5,-1.47
2024-04-02,2024-04-02,168.84,170.08,-1.24
2024-04-03,2024-04-03,169.65,168.9,0.75
2024-04-04,2024-04-04,168.82,169.66,-0.84
2024-04-05,2024-04-05,169.58,168.85,0.73
2024-04-08,2024-04-08,168.45,169.57,-1.12
2024-04-09,2024-04-09,169.67,168.48,1.19
2024-04-10,2024-04-10,167.78,169.65,-1.87
2024-04-11,2024-04-11,175.04,167.83,7.21
2024-04-12,2024-04-12,176.55,174.83,1.72
2024-04-15,2024-04-15,172.69,176.4,-3.71
2024-04-16,2024-04-16,169.38,172.73,-3.35
2024-04-17,2024-04-17,168.0,169.5,-1.5
2024-04-18,2024-04-18,167.04,168.11,-1.07
2024-04-19,2024-04-19,165.0,167.13,-2.13
2024-04-22,2024-04-22,165.84,165.11,0.73
2024-04-23,2024-04-23,166.9,165.88,1.02
2024-04-24,2024-04-24,169.02,166.89,2.13
2024-04-25,2024-04-25,169.89,168.95,0.94
2024-04-26,2024-04-26,169.3,169.83,-0.53
2024-04-29,2024-04-29,173.5,169.28,4.22
2024-04-30,2024-04-30,170.33,173.37,-3.04
2024-05-01,2024-05-01,169.3,170.35,-1.05
2024-05-02,2024-05-02,173.03,169.34,3.69
2024-05-03,2024-05-03,183.38,172.94,10.44
2024-05-06,2024-05-06,181.71,183.04,-1.33
2024-05-07,2024-05-07,182.4,181.56,0.84
2024-05-08,2024-05-08,182.74,182.3,0.44
2024-05-09,2024-05-09,184.57,182.67,1.9
2024-05-10,2024-05-10,183.05,184.48,-1.43
2024-05-13,2024-05-13,186.28,183.05,3.23
2024-05-14,2024-05-14,187.43,186.18,1.25
2024-05-15,2024-05-15,189.72,187.35,2.37
2024-05-16,2024-05-16,189.84,189.61,0.23
2024-05-17,2024-05-17,189.87,189.78,0.09
2024-05-20,2024-05-20,191.04,189.84,1.2
2024-05-21,2024-05-21,192.35,190.99,1.36
2024-05-22,2024-05-22,190.9,192.29,-1.39
2024-05-23,2024-05-23,186.88,190.91,-4.03
2024-05-24,2024-05-24,189.98,187.0,2.98
2024-05-28,2024-05-28,189.99,189.95,0.04
2024-05-29,2024-05-29,190.29,189.98,0.31
2024-05-30,2024-05-30,191.29,190.27,1.02
2024-05-31,2024-05-31,192.25,191.25,1.0
2024-06-03,2024-06-03,194.03,192.2,1.83
2024-06-04,2024-06-04,194.35,193.95,0.4
2024-06-05,2024-06-05,195.87,194.3,1.57
2024-06-06,2024-06-06,194.48,195.8,-1.32
2024-06-07,2024-06-07,196.89,194.48,2.41
2024-06-10,2024-06-10,193.12,196.82,-3.7
2024-06-11,2024-06-11,207.15,193.2,13.95
2024-06-12,2024-06-12,213.07,206.7,6.37
2024-06-13,2024-06-13,214.24,212.74,1.5
2024-06-14,2024-06-14,212.49,214.06,-1.57
2024-06-17,2024-06-17,216.67,212.43,4.24
2024-06-18,2024-06-18,214.29,216.55,-2.26
2024-06-20,2024-06-20,209.68,214.29,-4.61
2024-06-21,2024-06-21,207.49,209.8,-2.31
2024-06-24,2024-06-24,208.14,207.6,0.54
2024-06-25,2024-06-25,209.07,208.18,0.89
2024-06-26,2024-06-26,213.25,209.07,4.18
2024-06-27,2024-06-27,214.1,213.15,0.95
2024-06-28,2024-06-28,210.62,214.02,-3.4
2024-07-01,2024-07-01,216.75,210.59,6.16
2024-07-02,2024-07-02,220.27,216.61,3.66
2024-07-03,2024-07-03,221.55,220.11,1.44
2024-07-05,2024-07-05,226.34,221.44,4.9
2024-07-08,2024-07-08,227.82,226.18,1.64
2024-07-09,2024-07-09,228.68,227.71,0.97
2024-07-10,2024-07-10,232.98,228.61,4.37
2024-07-11,2024-07-11,227.57,232.86,-5.29
2024-07-12,2024-07-12,230.54,227.63,2.91
2024-07-15,2024-07-15,234.4,230.5,3.9
2024-07-16,2024-07-16,234.82,234.29,0.53
2024-07-17,2024-07-17,228.88,234.76,-5.88
2024-07-18,2024-07-18,224.18,229.0,-4.82
2024-07-19,2024-07-19,224.31,224.34,-0.03
2024-07-22,2024-07-22,223.96,224.39,-0.43
2024-07-23,2024-07-23,225.01,224.01,1.0
2024-07-24,2024-07-24,218.54,225.01,-6.47
2024-07-25,2024-07-25,217.49,218.69,-1.2
2024-07-26,2024-07-26,217.96,217.58,0.38
2024-07-29,2024-07-29,218.24,217.99,0.25
2024-07-30,2024-07-30,218.8,218.25,0.55
2024-07-31,2024-07-31,222.08,218.79,3.29
2024-08-01,2024-08-01,218.36,222.0,-3.64
2024-08-02,2024-08-02,219.86,218.41,1.45
2024-08-05,2024-08-05,209.27,219.85,-10.58
2024-08-06,2024-08-06,207.23,209.52,-2.29
2024-08-07,2024-08-07,209.82,207.38,2.44
2024-08-08,2024-08-08,213.31,209.84,3.47
2024-08-09,2024-08-09,216.24,213.29,2.95
2024-08-12,2024-08-12,217.53,216.14,1.39
2024-08-13,2024-08-13,221.27,217.45,3.82
2024-08-14,2024-08-14,221.72,221.15,0.57
2024-08-15,2024-08-15,224.72,221.65,3.07
2024-08-16,2024-08-16,226.05,224.62,1.43
2024-08-19,2024-08-19,225.89,225.98,-0.09
2024-08-20,2024-08-20,226.51,225.85,0.66
2024-08-21,2024-08-21,226.4,226.59,-0.19
2024-08-22,2024-08-22,224.53,226.47,-1.94
2024-08-23,2024-08-23,226.84,224.6,2.24
2024-08-26,2024-08-26,227.18,226.84,0.34
2024-08-27,2024-08-27,228.03,227.26,0.77
2024-08-28,2024-08-28,226.49,228.01,-1.52
2024-08-29,2024-08-29,229.79,226.56,3.23
2024-08-30,2024-08-30,229.0,229.78,-0.78
2024-09-03,2024-09-03,222.77,228.98,-6.21
2024-09-04,2024-09-04,220.85,222.76,-1.91
2024-09-05,2024-09-05,222.38,220.95,1.43
2024-09-06,2024-09-06,220.82,222.36,-1.54
2024-09-09,2024-09-09,220.91,220.81,0.1
2024-09-10,2024-09-10,220.11,220.9,-0.79
2024-09-11,2024-09-11,222.66,220.1,2.56
2024-09-12,2024-09-12,222.77,222.64,0.13
2024-09-13,2024-09-13,222.5,222.75,-0.25
2024-09-16,2024-09-16,216.32,222.48,-6.16
2024-09-17,2024-09-17,216.79,216.44,0.35
2024-09-18,2024-09-18,220.69,216.85,3.84
2024-09-19,2024-09-19,228.87,220.76,8.11
2024-09-20,2024-09-20,228.2,228.69,-0.49
2024-09-23,2024-09-23,226.47,228.11,-1.64
2024-09-24,2024-09-24,227.37,226.45,0.92
2024-09-25,2024-09-25,226.37,227.34,-0.97
2024-09-26,2024-09-26,227.52,226.37,1.15
2024-09-27,2024-09-27,227.79,227.5,0.29
2024-09-30,2024-09-30,233.0,227.77,5.23
2024-10-01,2024-10-01,226.21,232.89,-6.68
2024-10-02,2024-10-02,226.78,226.29,0.49
2024-10-03,2024-10-03,225.67,226.81,-1.14
2024-10-04,2024-10-04,226.8,225.71,1.09
2024-10-07,2024-10-07,221.69,226.8,-5.11
2024-10-08,2024-10-08,225.77,221.81,3.96
2024-10-09,2024-10-09,229.54,225.74,3.8
2024-10-10,2024-10-10,229.04,229.43,-0.39
2024-10-11,2024-10-11,227.55,228.99,-1.44
2024-10-14,2024-10-14,231.3,227.56,3.74
2024-10-15,2024-10-15,233.85,231.21,2.64
2024-10-16,2024-10-16,231.78,233.74,-1.96
2024-10-17,2024-10-17,232.15,231.77,0.38
2024-10-18,2024-10-18,235.0,232.13,2.87
2024-10-21,2024-10-21,236.48,234.92,1.56
2024-10-22,2024-10-22,235.86,236.4,-0.54
2024-10-23,2024-10-23,230.76,235.83,-5.07
2024-10-24,2024-10-24,230.57,230.86,-0.29
2024-10-25,2024-10-25,231.41,230.63,0.78
2024-10-28,2024-10-28,233.4,231.43,1.97
2024-10-29,2024-10-29,233.67,233.36,0.31
2024-10-30,2024-10-30,230.1,233.64,-3.54
2024-10-31,2024-10-31,225.91,230.17,-4.26
2024-11-01,2024-11-01,222.91,226.05,-3.14
2024-11-04,2024-11-04,222.01,223.05,-1.04
2024-11-05,2024-11-05,223.45,222.11,1.34
2024-11-06,2024-11-06,222.72,223.48,-0.76
2024-11-07,2024-11-07,227.48,222.75,4.73
2024-11-08,2024-11-08,226.96,227.4,-0.44
2024-11-11,2024-11-11,224.23,226.92,-2.69
2024-11-12,2024-11-12,224.23,224.27,-0.04
2024-11-13,2024-11-13,225.12,224.25,0.87
2024-11-14,2024-11-14,228.22,225.11,3.11
2024-11-15,2024-11-15,225.0,228.15,-3.15
2024-11-18,2024-11-18,228.02,225.03,2.99
2024-11-19,2024-11-19,228.28,227.97,0.31
2024-11-20,2024-11-20,229.0,228.24,0.76
2024-11-21,2024-11-21,228.52,228.96,-0.44
2024-11-22,2024-11-22,229.87,228.51,1.36
2024-11-25,2024-11-25,232.87,229.83,3.04
2024-11-26,2024-11-26,235.06,232.78,2.28
2024-11-27,2024-11-27,234.93,234.96,-0.03
2024-11-29,2024-11-29,237.33,234.87,2.46
2024-12-02,2024-12-02,239.59,237.24,2.35
2024-12-03,2024-12-03,242.65,239.49,3.16
2024-12-04,2024-12-04,243.01,242.53,0.48
2024-12-05,2024-12-05,243.04,242.94,0.1
2024-12-06,2024-12-06,242.84,243.0,-0.16
2024-12-09,2024-12-09,246.75,242.82,3.93
2024-12-10,2024-12-10,247.77,246.66,1.11
2024-12-11,2024-12-11,246.49,247.7,-1.21
2024-12-12,2024-12-12,247.96,246.48,1.48
2024-12-13,2024-12-13,248.13,247.92,0.21
2024-12-16,2024-12-16,251.04,248.11,2.93
2024-12-17,2024-12-17,253.48,250.97,2.51
2024-12-18,2024-12-18,248.05,253.39,-5.34
2024-12-19,2024-12-19,249.79,248.11,1.68
2024-12-20,2024-12-20,254.49,249.79,4.7
2024-12-23,2024-12-23,255.27,254.38,0.89
2024-12-24,2024-12-24,258.2,255.2,3.0
2024-12-26,2024-12-26,259.02,258.1,0.92
2024-12-27,2024-12-27,255.59,258.95,-3.36
2024-12-30,2024-12-30,252.2,255.62,-3.42
2024-12-31,2024-12-31,250.42,252.29,-1.87
2025-01-02,2025-01-02,243.85,250.5,-6.65
2025-01-03,2025-01-03,243.36,244.01,-0.65
2025-01-06,2025-01-06,245.0,243.46,1.54
2025-01-07,2025-01-07,242.21,245.03,-2.82
2025-01-08,2025-01-08,242.7,242.28,0.42
2025-01-10,2025-01-10,236.85,242.73,-5.88
2025-01-13,2025-01-13,234.4,236.97,-2.57
2025-01-14,2025-01-14,233.28,234.5,-1.22
2025-01-15,2025-01-15,237.87,233.35,4.52
2025-01-16,2025-01-16,228.26,237.83,-9.57
2025-01-17,2025-01-17,229.98,228.43,1.55
2025-01-21,2025-01-21,222.64,230.03,-7.39
2025-01-22,2025-01-22,223.83,222.81,1.02
2025-01-23,2025-01-23,223.66,223.88,-0.22
2025-01-24,2025-01-24,222.78,223.69,-0.91
2025-01-27,2025-01-27,229.86,222.81,7.05
2025-01-28,2025-01-28,238.26,229.72,8.54
2025-01-29,2025-01-29,239.36,238.07,1.29
2025-01-30,2025-01-30,237.59,239.25,-1.66
2025-01-31,2025-01-31,236.0,237.55,-1.55
2025-02-03,2025-02-03,228.01,236.0,-7.99
2025-02-04,2025-02-04,232.8,228.13,4.67
2025-02-05,2025-02-05,232.47,232.8,-0.33
2025-02-06,2025-02-06,233.22,232.47,0.75
2025-02-07,2025-02-07,227.63,233.21,-5.58
2025-02-10,2025-02-10,227.65,227.73,-0.08
2025-02-11,2025-02-11,232.62,227.71,4.91
2025-02-12,2025-02-12,236.87,232.55,4.32
2025-02-13,2025-02-13,241.53,236.76,4.77
2025-02-14,2025-02-14,244.6,241.39,3.21
2025-02-18,2025-02-18,244.47,244.48,-0.01
2025-02-19,2025-02-19,244.87,244.4,0.47
2025-02-20,2025-02-20,245.83,244.82,1.01
2025-02-21,2025-02-21,245.55,245.79,-0.24
2025-02-24,2025-02-24,247.1,245.53,1.57
2025-02-25,2025-02-25,247.04,247.07,-0.03
2025-02-26,2025-02-26,240.36,247.02,-6.66
2025-02-27,2025-02-27,237.3,240.45,-3.15
2025-02-28,2025-02-28,241.84,237.32,4.52
2025-03-03,2025-03-03,238.03,241.83,-3.8
2025-03-04,2025-03-04,235.93,238.09,-2.16
2025-03-05,2025-03-05,235.74,235.99,-0.25
2025-03-06,2025-03-06,235.33,235.78,-0.45
2025-03-07,2025-03-07,239.07,235.36,3.71
2025-03-10,2025-03-10,227.48,239.03,-11.55
2025-03-11,2025-03-11,220.84,227.66,-6.82
2025-03-12,2025-03-12,216.98,221.01,-4.03
2025-03-13,2025-03-13,209.68,216.99,-7.31
2025-03-14,2025-03-14,213.49,209.69,3.8
2025-03-17,2025-03-17,214.0,213.48,0.52
2025-03-18,2025-03-18,212.69,214.0,-1.31
2025-03-19,2025-03-19,215.24,212.69,2.55
2025-03-20,2025-03-20,214.1,215.23,-1.13
2025-03-21,2025-03-21,218.27,214.1,4.17
2025-03-24,2025-03-24,220.73,218.25,2.48
2025-03-25,2025-03-25,223.75,220.72,3.03
2025-03-26,2025-03-26,221.53,223.74,-2.21
2025-03-27,2025-03-27,223.85,221.54,2.31
2025-03-28,2025-03-28,217.9,223.84,-5.94
2025-03-31,2025-03-31,222.13,217.93,4.2
2025-04-01,2025-04-01,223.19,222.11,1.08
2025-04-02,2025-04-02,223.89,223.17,0.72
2025-04-03,2025-04-03,203.19,223.87,-20.68
2025-04-04,2025-04-04,188.38,203.36,-14.98
2025-04-07,2025-04-07,181.46,188.13,-6.67
2025-04-08,2025-04-08,172.42,181.25,-8.83
2025-04-09,2025-04-09,198.85,172.01,26.84
2025-04-10,2025-04-10,190.42,199.18,-8.76
2025-04-11,2025-04-11,198.15,190.66,7.49
2025-04-14,2025-04-14,202.52,197.74,4.78
2025-04-15,2025-04-15,202.14,202.58,-0.44
2025-04-16,2025-04-16,194.27,202.12,-7.85
2025-04-17,2025-04-17,196.98,194.42,2.56
2025-04-21,2025-04-21,193.16,196.85,-3.69
2025-04-22,2025-04-22,199.74,193.31,6.43
2025-04-23,2025-04-23,204.6,199.5,5.1
2025-04-24,2025-04-24,208.37,204.62,3.75
2025-04-25,2025-04-25,209.28,208.29,0.99
2025-04-28,2025-04-28,210.14,209.31,0.83
2025-04-29,2025-04-29,211.21,210.11,1.1
2025-04-30,2025-04-30,212.5,211.21,1.29
2025-05-01,2025-05-01,213.32,212.48,0.84
2025-05-02,2025-05-02,205.35,213.32,-7.97
2025-05-05,2025-05-05,198.89,205.5,-6.61
2025-05-06,2025-05-06,198.51,198.92,-0.41
2025-05-07,2025-05-07,196.25,198.5,-2.25
2025-05-08,2025-05-08,197.49,196.29,1.2
2025-05-09,2025-05-09,198.53,197.45,1.08
2025-05-12,2025-05-12,210.79,198.54,12.25
2025-05-13,2025-05-13,212.93,210.59,2.34
2025-05-14,2025-05-14,212.33,212.93,-0.6
2025-05-15,2025-05-15,211.45,212.33,-0.88
2025-05-16,2025-05-16,211.26,211.45,-0.19
2025-05-19,2025-05-19,208.78,211.26,-2.48
2025-05-20,2025-05-20,206.86,208.78,-1.92
2025-05-21,2025-05-21,202.09,206.86,-4.77
2025-05-22,2025-05-22,201.36,202.09,-0.73
2025-05-23,2025-05-23,195.27,201.36,-6.09
2025-05-27,2025-05-27,200.21,195.27,4.94
2025-05-28,2025-05-28,200.42,200.06,0.36
2025-05-29,2025-05-29,199.95,200.5,-0.55
2025-05-30,2025-05-30,200.85,199.91,0.94
2025-06-02,2025-06-02,201.7,200.86,0.84
2025-06-03,2025-06-03,203.27,201.68,1.59
2025-06-04,2025-06-04,202.82,203.26,-0.44
2025-06-05,2025-06-05,200.63,202.84,-2.21
2025-06-06,2025-06-06,203.92,200.66,3.26
2025-06-09,2025-06-09,201.45,203.85,-2.4
2025-06-10,2025-06-10,202.67,201.53,1.14
2025-06-11,2025-06-11,198.78,202.6,-3.82
2025-06-12,2025-06-12,199.2,198.89,0.31
2025-06-13,2025-06-13,196.45,199.13,-2.68
2025-06-16,2025-06-16,198.42,196.54,1.88
2025-06-17,2025-06-17,195.64,198.33,-2.69
2025-06-18,2025-06-18,196.58,195.75,0.83
2025-06-20,2025-06-20,201.0,196.5,4.5
2025-06-23,2025-06-23,201.5,200.96,0.54
2025-06-24,2025-06-24,200.3,201.51,-1.21
2025-06-25,2025-06-25,201.56,200.32,1.24
2025-06-26,2025-06-26,201.0,201.53,-0.53
2025-06-27,2025-06-27,201.08,201.03,0.05
2025-06-30,2025-06-30,205.17,201.06,4.11
2025-07-01,2025-07-01,207.82,205.11,2.71
2025-07-02,2025-07-02,212.44,207.81,4.63
2025-07-03,2025-07-03,213.55,212.37,1.18
2025-07-07,2025-07-07,209.95,213.57,-3.62
2025-07-08,2025-07-08,210.01,210.0,0.01
2025-07-09,2025-07-09,211.14,209.98,1.16
2025-07-10,2025-07-10,212.41,211.14,1.27
2025-07-11,2025-07-11,211.16,212.39,-1.23
2025-07-14,2025-07-14,208.62,211.19,-2.57
2025-07-15,2025-07-15,209.11,208.64,0.47
2025-07-16,2025-07-16,210.16,209.09,1.07
2025-07-17,2025-07-17,210.02,210.16,-0.14
2025-07-18,2025-07-18,211.18,210.03,1.15
2025-07-21,2025-07-21,212.48,211.16,1.32
2025-07-22,2025-07-22,214.4,212.47,1.93
2025-07-23,2025-07-23,214.15,214.37,-0.22
2025-07-24,2025-07-24,213.76,214.17,-0.41
2025-07-25,2025-07-25,213.88,213.75,0.13
2025-07-28,2025-07-28,214.05,213.88,0.17
2025-07-29,2025-07-29,211.27,214.05,-2.78
2025-07-30,2025-07-30,209.05,211.32,-2.27
2025-07-31,2025-07-31,207.57,209.06,-1.49
2025-08-01,2025-08-01,202.38,207.59,-5.21
2025-08-04,2025-08-04,203.35,202.39,0.96
2025-08-05,2025-08-05,202.92,203.35,-0.43
2025-08-06,2025-08-06,213.25,202.96,10.29
2025-08-07,2025-08-07,220.03,213.23,6.8
2025-08-08,2025-08-08,229.35,220.08,9.27
2025-08-11,2025-08-11,227.18,229.49,-2.31
2025-08-12,2025-08-12,229.65,227.19,2.46
2025-08-13,2025-08-13,233.33,229.68,3.65
2025-08-14,2025-08-14,232.78,233.38,-0.6
2025-08-15,2025-08-15,231.59,232.79,-1.2
2025-08-18,2025-08-18,230.89,231.58,-0.69
2025-08-19,2025-08-19,230.56,230.88,-0.32
2025-08-20,2025-08-20,226.01,230.55,-4.54
2025-08-21,2025-08-21,224.9,225.96,-1.06
2025-08-22,2025-08-22,227.76,224.87,2.89
2025-08-25,2025-08-25,227.16,227.78,-0.62
2025-08-26,2025-08-26,229.31,227.16,2.15
2025-08-27,2025-08-27,230.49,229.33,1.16
2025-08-28,2025-08-28,232.56,230.51,2.05
2025-08-29,2025-08-29,232.14,232.59,-0.45
2025-09-02,2025-09-02,229.72,232.14,-2.42
2025-09-03,2025-09-03,238.47,229.69,8.78
2025-09-04,2025-09-04,239.78,238.55,1.23
2025-09-05,2025-09-05,239.69,239.81,-0.12
2025-09-08,2025-09-08,237.88,239.7,-1.82
2025-09-09,2025-09-09,234.35,237.86,-3.51
2025-09-10,2025-09-10,226.79,234.31,-7.52
2025-09-11,2025-09-11,230.03,226.68,3.35
2025-09-12,2025-09-12,234.07,230.04,4.03
2025-09-15,2025-09-15,236.7,234.12,2.58
2025-09-16,2025-09-16,238.15,236.74,1.41
2025-09-17,2025-09-17,238.99,238.18,0.81
2025-09-18,2025-09-18,237.88,239.01,-1.13
2025-09-19,2025-09-19,245.5,237.87,7.63
2025-09-22,2025-09-22,256.08,245.59,10.49
2025-09-23,2025-09-23,254.43,256.06,-1.63
2025-09-24,2025-09-24,252.31,254.43,-2.12
2025-09-25,2025-09-25,256.87,252.28,4.59
2025-09-26,2025-09-26,255.46,256.89,-1.43
2025-09-29,2025-09-29,254.43,255.45,-1.02
2025-09-30,2025-09-30,254.63,254.41,0.22
2025-10-01,2025-10-01,255.45,254.63,0.82
2025-10-02,2025-10-02,257.13,255.46,1.67
2025-10-03,2025-10-03,258.02,257.16,0.86
2025-10-06,2025-10-06,256.69,258.04,-1.35
2025-10-07,2025-10-07,256.48,256.67,-0.19
2025-10-08,2025-10-08,258.06,256.47,1.59
2025-10-09,2025-10-09,254.04,258.08,-4.04
2025-10-10,2025-10-10,245.27,253.99,-8.72
2025-10-13,2025-10-13,247.66,245.22,2.44
2025-10-14,2025-10-14,247.77,247.67,0.1
2025-10-15,2025-10-15,249.34,247.72,1.62
2025-10-16,2025-10-16,247.45,249.36,-1.91
2025-10-17,2025-10-17,252.29,247.43,4.86
2025-10-20,2025-10-20,262.24,252.35,9.89
2025-10-21,2025-10-21,262.77,262.21,0.56
2025-10-22,2025-10-22,258.45,262.8,-4.35
2025-10-23,2025-10-23,259.58,258.4,1.18
2025-10-24,2025-10-24,262.82,259.64,3.18
2025-10-27,2025-10-27,268.81,262.78,6.03
2025-10-28,2025-10-28,269.0,268.88,0.12
2025-10-29,2025-10-29,269.7,268.94,0.76
2025-10-30,2025-10-30,271.4,269.76,1.64
2025-10-31,2025-10-31,270.37,271.35,-0.98
2025-11-03,2025-11-03,269.05,270.41,-1.36
2025-11-04,2025-11-04,270.04,269.0,1.04
2025-11-05,2025-11-05,270.14,270.09,0.05
2025-11-06,2025-11-06,269.77,270.1,-0.33
2025-11-07,2025-11-07,268.47,269.81,-1.34
2025-11-10,2025-11-10,269.43,268.43,1.0
2025-11-11,2025-11-11,275.25,269.48,5.77
2025-11-12,2025-11-12,273.47,275.24,-1.77
2025-11-13,2025-11-13,272.95,273.47,-0.52
2025-11-14,2025-11-14,272.41,272.95,-0.54
2025-11-17,2025-11-17,267.46,272.41,-4.95
2025-11-18,2025-11-18,267.44,267.43,0.01
2025-11-19,2025-11-19,268.56,267.47,1.09
2025-11-20,2025-11-20,266.25,268.54,-2.29
2025-11-21,2025-11-21,271.49,266.25,5.24
2025-11-24,2025-11-24,275.92,271.52,4.4
2025-11-25,2025-11-25,276.97,275.92,1.05
2025-11-26,2025-11-26,277.55,276.97,0.58
2025-11-28,2025-11-28,278.85,277.55,1.3
2025-12-01,2025-12-01,283.1,278.85,4.25
2025-12-02,2025-12-02,286.19,283.09,3.1
2025-12-03,2025-12-03,284.15,286.19,-2.04
2025-12-04,2025-12-04,280.7,284.15,-3.45
2025-12-05,2025-12-05,278.78,280.7,-1.92
2025-12-08,2025-12-08,277.89,278.78,-0.89
2025-12-09,2025-12-09,277.18,277.89,-0.71
2025-12-10,2025-12-10,278.78,277.18,1.6
2025-12-11,2025-12-11,278.03,278.78,-0.75
2025-12-12,2025-12-12,278.28,278.03,0.25
2025-12-15,2025-12-15,274.11,278.28,-4.17
2025-12-16,2025-12-16,274.61,274.12,0.49
2025-12-17,2025-12-17,271.84,274.6,-2.76
2025-12-18,2025-12-18,272.19,271.85,0.34
2025-12-19,2025-12-19,273.67,272.18,1.49
2025-12-22,2025-12-22,270.97,273.67,-2.7
2025-12-23,2025-12-23,272.36,270.97,1.39
2025-12-24,2025-12-24,273.81,272.36,1.45
2025-12-26,2025-12-26,273.4,273.81,-0.41
2025-12-29,2025-12-29,273.76,273.4,0.36
2025-12-30,2025-12-30,273.08,273.76,-0.68
2025-12-31,2025-12-31,271.86,273.08,-1.22
2026-01-02,2026-01-02,271.01,271.86,-0.85
2026-01-05,2026-01-05,267.26,271.01,-3.75
2026-01-06,2026-01-06,262.36,267.26,-4.9
2026-01-07,2026-01-07,260.33,262.36,-2.03
2026-01-08,2026-01-08,259.04,260.33,-1.29
2026-01-09,2026-01-09,259.37,259.04,0.33
2026-01-12,2026-01-12,260.25,259.37,0.88
2026-01-13,2026-01-13,261.05,260.25,0.8
2026-01-14,2026-01-14,259.96,261.05,-1.09
2026-01-15,2026-01-15,258.21,259.96,-1.75
2026-01-16,2026-01-16,255.53,258.21,-2.68
2026-01-20,2026-01-20,246.7,255.46,-8.76
2026-01-21,2026-01-21,247.65,246.48,1.17
2026-01-22,2026-01-22,248.35,247.63,0.72
2026-01-23,2026-01-23,248.04,248.36,-0.32
2026-01-26,2026-01-26,255.41,248.04,7.37
2026-01-27,2026-01-27,258.27,255.58,2.69
2026-01-28,2026-01-28,256.44,258.37,-1.93
2026-01-29,2026-01-29,258.28,256.41,1.87
2026-01-30,2026-01-30,259.48,258.32,1.16
2026-02-02,2026-02-02,270.01,259.52,10.49
2026-02-03,2026-02-03,269.48,270.28,-0.8
2026-02-04,2026-02-04,276.49,269.51,6.98
2026-02-05,2026-02-05,275.91,276.67,-0.76
2026-02-06,2026-02-06,278.12,275.93,2.19
2026-02-09,2026-02-09,274.62,278.18,-3.56
2026-02-10,2026-02-10,273.68,274.55,-0.87
2026-02-11,2026-02-11,275.5,273.64,1.86
2026-02-12,2026-02-12,261.73,275.54,-13.81
2026-02-13,2026-02-13,255.78,261.42,-5.64
2026-02-17,2026-02-17,263.88,255.54,8.34
2026-02-18,2026-02-18,264.35,264.04,0.31
2026-02-19,2026-02-19,260.58,264.39,-3.81
2026-02-20,2026-02-20,264.58,260.5,4.08
2026-02-23,2026-02-23,266.18,264.66,1.52
2026-02-24,2026-02-24,272.14,266.23,5.91
2026-02-25,2026-02-25,274.23,272.29,1.94
2026-02-26,2026-02-26,272.95,274.31,-1.36
2026-02-27,2026-02-27,264.18,272.93,-8.75
2026-03-02,2026-03-02,264.72,263.96,0.76
2026-03-03,2026-03-03,263.75,264.7,-0.95
2026-03-04,2026-03-04,262.52,263.72,-1.2
2026-03-05,2026-03-05,260.29,262.49,-2.2
2026-03-06,2026-03-06,257.46,260.23,-2.77
