Date,Date,Actual,GB,Diff
2022-12-20,2022-12-20,132.3,134.11,-1.81
2022-12-21,2022-12-21,135.45,132.69,2.76
2022-12-22,2022-12-22,132.23,135.78,-3.55
2022-12-23,2022-12-23,131.86,132.75,-0.89
2022-12-27,2022-12-27,130.03,132.99,-2.96
2022-12-28,2022-12-28,126.04,129.94,-3.9
2022-12-29,2022-12-29,129.61,126.42,3.19
2022-12-30,2022-12-30,129.93,130.77,-0.84
2023-01-03,2023-01-03,125.07,129.42,-4.35
2023-01-04,2023-01-04,126.36,124.67,1.69
2023-01-05,2023-01-05,125.02,127.1,-2.08
2023-01-06,2023-01-06,129.62,125.56,4.06
2023-01-09,2023-01-09,130.15,129.45,0.7
2023-01-10,2023-01-10,130.73,129.91,0.82
2023-01-11,2023-01-11,133.49,128.47,5.02
2023-01-12,2023-01-12,133.41,134.07,-0.66
2023-01-13,2023-01-13,134.76,133.21,1.55
2023-01-17,2023-01-17,135.94,134.1,1.84
2023-01-18,2023-01-18,135.21,136.0,-0.79
2023-01-19,2023-01-19,135.27,135.8,-0.53
2023-01-20,2023-01-20,137.87,135.67,2.2
2023-01-23,2023-01-23,141.11,140.69,0.42
2023-01-24,2023-01-24,142.53,142.0,0.53
2023-01-25,2023-01-25,141.86,141.7,0.16
2023-01-26,2023-01-26,143.96,141.66,2.3
2023-01-27,2023-01-27,145.93,144.35,1.58
2023-01-30,2023-01-30,143.0,146.15,-3.15
2023-01-31,2023-01-31,144.29,141.76,2.53
2023-02-01,2023-02-01,145.43,145.0,0.43
2023-02-02,2023-02-02,150.82,144.81,6.01
2023-02-03,2023-02-03,154.5,150.67,3.83
2023-02-06,2023-02-06,151.73,153.15,-1.42
2023-02-07,2023-02-07,154.65,148.99,5.66
2023-02-08,2023-02-08,151.92,154.46,-2.54
2023-02-09,2023-02-09,150.87,152.23,-1.36
2023-02-10,2023-02-10,151.01,151.31,-0.3
2023-02-13,2023-02-13,153.85,150.32,3.53
2023-02-14,2023-02-14,153.2,153.58,-0.38
2023-02-15,2023-02-15,155.33,151.52,3.81
2023-02-16,2023-02-16,153.71,155.16,-1.45
2023-02-17,2023-02-17,152.55,153.99,-1.44
2023-02-21,2023-02-21,148.48,152.45,-3.97
2023-02-22,2023-02-22,148.91,148.81,0.1
2023-02-23,2023-02-23,149.4,149.53,-0.13
2023-02-24,2023-02-24,146.71,148.41,-1.7
2023-02-27,2023-02-27,147.92,146.44,1.48
2023-02-28,2023-02-28,147.41,146.91,0.5
2023-03-01,2023-03-01,145.31,147.69,-2.38
2023-03-02,2023-03-02,145.91,144.47,1.44
2023-03-03,2023-03-03,151.03,146.42,4.61
2023-03-06,2023-03-06,153.83,149.7,4.13
2023-03-07,2023-03-07,151.6,153.62,-2.02
2023-03-08,2023-03-08,152.87,148.6,4.27
2023-03-09,2023-03-09,150.59,152.42,-1.83
2023-03-10,2023-03-10,148.5,149.89,-1.39
2023-03-13,2023-03-13,150.47,148.97,1.5
2023-03-14,2023-03-14,152.59,149.88,2.71
2023-03-15,2023-03-15,152.99,151.32,1.67
2023-03-16,2023-03-16,155.85,151.01,4.84
2023-03-17,2023-03-17,155.0,155.71,-0.71
2023-03-20,2023-03-20,157.4,155.11,2.29
2023-03-21,2023-03-21,159.28,159.07,0.21
2023-03-22,2023-03-22,157.83,160.47,-2.64
2023-03-23,2023-03-23,158.93,159.16,-0.23
2023-03-24,2023-03-24,160.25,158.92,1.33
2023-03-27,2023-03-27,158.28,160.99,-2.71
2023-03-28,2023-03-28,157.65,159.21,-1.56
2023-03-29,2023-03-29,160.77,160.49,0.28
2023-03-30,2023-03-30,162.36,162.19,0.17
2023-03-31,2023-03-31,164.9,161.68,3.22
2023-04-03,2023-04-03,166.17,165.5,0.67
2023-04-04,2023-04-04,165.63,166.22,-0.59
2023-04-05,2023-04-05,163.76,166.2,-2.44
2023-04-06,2023-04-06,164.66,162.61,2.05
2023-04-10,2023-04-10,162.03,164.65,-2.62
2023-04-11,2023-04-11,160.8,160.61,0.19
2023-04-12,2023-04-12,160.1,161.89,-1.79
2023-04-13,2023-04-13,165.56,162.16,3.4
2023-04-14,2023-04-14,165.21,166.28,-1.07
2023-04-17,2023-04-17,165.23,165.37,-0.14
2023-04-18,2023-04-18,166.47,165.93,0.54
2023-04-19,2023-04-19,167.63,166.04,1.59
2023-04-20,2023-04-20,166.65,169.61,-2.96
2023-04-21,2023-04-21,165.02,166.2,-1.18
2023-04-24,2023-04-24,165.33,165.53,-0.2
2023-04-25,2023-04-25,163.77,165.68,-1.91
2023-04-26,2023-04-26,163.76,161.8,1.96
2023-04-27,2023-04-27,168.41,162.73,5.68
2023-04-28,2023-04-28,169.68,169.06,0.62
2023-05-01,2023-05-01,169.59,169.23,0.36
2023-05-02,2023-05-02,168.54,169.26,-0.72
2023-05-03,2023-05-03,167.45,169.37,-1.92
2023-05-04,2023-05-04,165.79,167.45,-1.66
2023-05-05,2023-05-05,173.57,165.31,8.26
2023-05-08,2023-05-08,173.5,172.95,0.55
2023-05-09,2023-05-09,171.77,172.7,-0.93
2023-05-10,2023-05-10,173.55,171.43,2.12
2023-05-11,2023-05-11,173.75,173.55,0.2
2023-05-12,2023-05-12,172.57,171.94,0.63
2023-05-15,2023-05-15,172.07,171.81,0.26
2023-05-16,2023-05-16,172.07,172.2,-0.13
2023-05-17,2023-05-17,172.69,172.11,0.58
2023-05-18,2023-05-18,175.05,171.55,3.5
2023-05-19,2023-05-19,175.16,174.25,0.91
2023-05-22,2023-05-22,174.2,175.47,-1.27
2023-05-23,2023-05-23,171.56,173.31,-1.75
2023-05-24,2023-05-24,171.84,169.68,2.16
2023-05-25,2023-05-25,172.99,172.42,0.57
2023-05-26,2023-05-26,175.43,172.65,2.78
2023-05-30,2023-05-30,177.3,174.47,2.83
2023-05-31,2023-05-31,177.25,175.89,1.36
2023-06-01,2023-06-01,180.09,176.72,3.37
2023-06-02,2023-06-02,180.95,177.67,3.28
2023-06-05,2023-06-05,179.58,176.89,2.69
2023-06-06,2023-06-06,179.21,176.78,2.43
2023-06-07,2023-06-07,177.82,177.99,-0.17
2023-06-08,2023-06-08,180.57,178.36,2.21
2023-06-09,2023-06-09,180.96,179.01,1.95
2023-06-12,2023-06-12,183.79,177.96,5.83
2023-06-13,2023-06-13,183.31,177.36,5.95
2023-06-14,2023-06-14,183.95,177.44,6.51
2023-06-15,2023-06-15,186.01,179.14,6.87
2023-06-16,2023-06-16,184.92,177.9,7.02
2023-06-20,2023-06-20,185.01,177.52,7.49
2023-06-21,2023-06-21,183.96,178.16,5.8
2023-06-22,2023-06-22,187.0,178.71,8.29
2023-06-23,2023-06-23,186.68,179.32,7.36
2023-06-26,2023-06-26,185.27,177.93,7.34
2023-06-27,2023-06-27,188.06,176.36,11.7
2023-06-28,2023-06-28,189.25,177.69,11.56
2023-06-29,2023-06-29,189.59,176.89,12.7
2023-06-30,2023-06-30,193.97,177.02,16.95
2023-07-03,2023-07-03,192.46,177.07,15.39
2023-07-05,2023-07-05,191.33,176.5,14.83
2023-07-06,2023-07-06,191.81,177.52,14.29
2023-07-07,2023-07-07,190.68,177.62,13.06
2023-07-10,2023-07-10,188.61,177.19,11.42
2023-07-11,2023-07-11,188.08,176.12,11.96
2023-07-12,2023-07-12,189.77,177.45,12.32
2023-07-13,2023-07-13,190.54,176.53,14.01
2023-07-14,2023-07-14,190.69,176.65,14.04
2023-07-17,2023-07-17,193.99,177.23,16.76
2023-07-18,2023-07-18,193.73,177.62,16.11
2023-07-19,2023-07-19,195.1,176.91,18.19
2023-07-20,2023-07-20,193.13,177.66,15.47
2023-07-21,2023-07-21,191.94,175.32,16.62
2023-07-24,2023-07-24,192.75,176.75,16.0
2023-07-25,2023-07-25,193.62,177.17,16.45
2023-07-26,2023-07-26,194.5,176.71,17.79
2023-07-27,2023-07-27,193.22,176.71,16.51
2023-07-28,2023-07-28,195.83,176.02,19.81
2023-07-31,2023-07-31,196.45,177.4,19.05
2023-08-01,2023-08-01,195.6,176.62,18.98
2023-08-02,2023-08-02,192.58,177.07,15.51
2023-08-03,2023-08-03,191.17,174.38,16.79
2023-08-04,2023-08-04,181.99,176.69,5.3
2023-08-07,2023-08-07,178.85,173.9,4.95
2023-08-08,2023-08-08,179.8,173.79,6.01
2023-08-09,2023-08-09,178.19,176.72,1.47
2023-08-10,2023-08-10,177.97,174.75,3.22
2023-08-11,2023-08-11,177.79,176.2,1.59
2023-08-14,2023-08-14,179.46,176.31,3.15
2023-08-15,2023-08-15,177.45,177.55,-0.1
2023-08-16,2023-08-16,176.57,175.07,1.5
2023-08-17,2023-08-17,174.0,177.48,-3.48
2023-08-18,2023-08-18,174.49,172.86,1.63
2023-08-21,2023-08-21,175.84,177.29,-1.45
2023-08-22,2023-08-22,177.23,174.24,2.99
2023-08-23,2023-08-23,181.12,176.1,5.02
2023-08-24,2023-08-24,176.38,177.12,-0.74
2023-08-25,2023-08-25,178.61,174.64,3.97
2023-08-28,2023-08-28,180.19,178.28,1.91
2023-08-29,2023-08-29,184.12,177.71,6.41
2023-08-30,2023-08-30,187.65,178.36,9.29
2023-08-31,2023-08-31,187.87,177.41,10.46
2023-09-01,2023-09-01,189.46,177.36,12.1
2023-09-05,2023-09-05,189.7,177.96,11.74
2023-09-06,2023-09-06,182.91,178.91,4.0
2023-09-07,2023-09-07,177.56,175.55,2.01
2023-09-08,2023-09-08,178.18,175.21,2.97
2023-09-11,2023-09-11,179.36,179.12,0.24
2023-09-12,2023-09-12,176.3,177.48,-1.18
2023-09-13,2023-09-13,174.21,172.29,1.92
2023-09-14,2023-09-14,175.74,171.75,3.99
2023-09-15,2023-09-15,175.01,174.63,0.38
2023-09-18,2023-09-18,177.97,175.04,2.93
2023-09-19,2023-09-19,179.07,175.02,4.05
2023-09-20,2023-09-20,175.49,176.57,-1.08
2023-09-21,2023-09-21,173.93,174.23,-0.3
2023-09-22,2023-09-22,174.79,175.67,-0.88
2023-09-25,2023-09-25,176.08,176.14,-0.06
2023-09-26,2023-09-26,171.96,174.8,-2.84
2023-09-27,2023-09-27,170.43,170.14,0.29
2023-09-28,2023-09-28,170.69,170.59,0.1
2023-09-29,2023-09-29,171.21,171.66,-0.45
2023-10-02,2023-10-02,173.75,172.23,1.52
2023-10-03,2023-10-03,172.4,172.73,-0.33
2023-10-04,2023-10-04,173.66,172.09,1.57
2023-10-05,2023-10-05,174.91,172.8,2.11
2023-10-06,2023-10-06,177.49,174.64,2.85
2023-10-09,2023-10-09,178.99,175.99,3.0
2023-10-10,2023-10-10,178.39,176.49,1.9
2023-10-11,2023-10-11,179.8,177.54,2.26
2023-10-12,2023-10-12,180.71,178.01,2.7
2023-10-13,2023-10-13,178.85,177.23,1.62
2023-10-16,2023-10-16,178.72,176.6,2.12
2023-10-17,2023-10-17,177.15,178.22,-1.07
2023-10-18,2023-10-18,175.84,177.38,-1.54
2023-10-19,2023-10-19,175.46,177.55,-2.09
2023-10-20,2023-10-20,172.88,177.69,-4.81
2023-10-23,2023-10-23,173.0,171.57,1.43
2023-10-24,2023-10-24,173.44,174.14,-0.7
2023-10-25,2023-10-25,171.1,174.33,-3.23
2023-10-26,2023-10-26,166.89,168.45,-1.56
2023-10-27,2023-10-27,168.22,164.31,3.91
2023-10-30,2023-10-30,170.29,169.53,0.76
2023-10-31,2023-10-31,170.77,170.22,0.55
2023-11-01,2023-11-01,173.97,171.16,2.81
2023-11-02,2023-11-02,177.57,173.07,4.5
2023-11-03,2023-11-03,176.65,175.01,1.64
2023-11-06,2023-11-06,179.23,176.36,2.87
2023-11-07,2023-11-07,181.82,177.11,4.71
2023-11-08,2023-11-08,182.89,177.42,5.47
2023-11-09,2023-11-09,182.41,177.34,5.07
2023-11-10,2023-11-10,186.4,177.25,9.15
2023-11-13,2023-11-13,184.8,179.35,5.45
2023-11-14,2023-11-14,187.44,177.16,10.28
2023-11-15,2023-11-15,188.01,178.84,9.17
2023-11-16,2023-11-16,189.71,177.56,12.15
2023-11-17,2023-11-17,189.69,177.85,11.84
2023-11-20,2023-11-20,191.45,178.5,12.95
2023-11-21,2023-11-21,190.64,177.52,13.12
2023-11-22,2023-11-22,191.31,176.16,15.15
2023-11-24,2023-11-24,189.97,177.73,12.24
2023-11-27,2023-11-27,189.79,175.96,13.83
2023-11-28,2023-11-28,190.4,177.5,12.9
2023-11-29,2023-11-29,189.37,177.84,11.53
2023-11-30,2023-11-30,189.95,176.65,13.3
2023-12-01,2023-12-01,191.24,177.65,13.59
2023-12-04,2023-12-04,189.43,176.58,12.85
2023-12-05,2023-12-05,193.42,175.04,18.38
2023-12-06,2023-12-06,192.32,177.84,14.48
2023-12-07,2023-12-07,194.27,176.74,17.53
2023-12-08,2023-12-08,195.71,177.36,18.35
2023-12-11,2023-12-11,193.18,176.65,16.53
2023-12-12,2023-12-12,194.71,174.03,20.68
2023-12-13,2023-12-13,197.96,177.34,20.62
2023-12-14,2023-12-14,198.11,177.02,21.09
2023-12-15,2023-12-15,197.57,176.58,20.99
2023-12-18,2023-12-18,195.89,177.59,18.3
2023-12-19,2023-12-19,196.94,177.29,19.65
2023-12-20,2023-12-20,194.83,177.35,17.48
2023-12-21,2023-12-21,194.68,175.36,19.32
2023-12-22,2023-12-22,193.6,177.64,15.96
2023-12-26,2023-12-26,193.05,177.21,15.84
2023-12-27,2023-12-27,193.15,177.6,15.55
2023-12-28,2023-12-28,193.58,177.47,16.11
2023-12-29,2023-12-29,192.53,177.16,15.37
2024-01-02,2024-01-02,185.64,176.76,8.88
2024-01-03,2024-01-03,184.25,174.57,9.68
2024-01-04,2024-01-04,181.91,176.3,5.61
2024-01-05,2024-01-05,181.18,173.99,7.19
2024-01-08,2024-01-08,185.56,177.11,8.45
2024-01-09,2024-01-09,185.14,176.66,8.48
2024-01-10,2024-01-10,186.19,176.08,10.11
2024-01-11,2024-01-11,185.59,177.77,7.82
2024-01-12,2024-01-12,185.92,177.14,8.78
2024-01-16,2024-01-16,183.63,177.62,6.01
2024-01-17,2024-01-17,182.68,175.1,7.58
2024-01-18,2024-01-18,188.63,177.41,11.22
2024-01-19,2024-01-19,191.56,176.58,14.98
2024-01-22,2024-01-22,193.89,176.31,17.58
2024-01-23,2024-01-23,195.18,176.91,18.27
2024-01-24,2024-01-24,194.5,176.87,17.63
2024-01-25,2024-01-25,194.17,177.21,16.96
2024-01-26,2024-01-26,192.42,177.77,14.65
2024-01-29,2024-01-29,191.73,176.12,15.61
2024-01-30,2024-01-30,188.04,177.43,10.61
2024-01-31,2024-01-31,184.4,174.14,10.26
2024-02-01,2024-02-01,186.86,174.63,12.23
2024-02-02,2024-02-02,185.85,177.55,8.3
2024-02-05,2024-02-05,187.68,176.36,11.32
2024-02-06,2024-02-06,189.3,176.36,12.94
2024-02-07,2024-02-07,189.41,176.05,13.36
2024-02-08,2024-02-08,188.32,176.8,11.52
2024-02-09,2024-02-09,188.85,177.75,11.1
2024-02-12,2024-02-12,187.15,178.25,8.9
2024-02-13,2024-02-13,185.04,175.58,9.46
2024-02-14,2024-02-14,184.15,175.92,8.23
2024-02-15,2024-02-15,183.86,177.88,5.98
2024-02-16,2024-02-16,182.31,177.15,5.16
2024-02-20,2024-02-20,181.56,176.72,4.84
2024-02-21,2024-02-21,182.32,177.41,4.91
2024-02-22,2024-02-22,184.37,177.44,6.93
2024-02-23,2024-02-23,182.52,176.61,5.91
2024-02-26,2024-02-26,181.16,175.33,5.83
2024-02-27,2024-02-27,182.63,176.65,5.98
2024-02-28,2024-02-28,181.42,177.1,4.32
2024-02-29,2024-02-29,180.75,175.75,5.0
2024-03-01,2024-03-01,179.66,177.66,2.0
2024-03-04,2024-03-04,175.1,177.36,-2.26
2024-03-05,2024-03-05,170.12,174.23,-4.11
2024-03-06,2024-03-06,169.12,168.34,0.78
2024-03-07,2024-03-07,169.0,169.21,-0.21
2024-03-08,2024-03-08,170.73,168.54,2.19
2024-03-11,2024-03-11,172.75,171.04,1.71
2024-03-12,2024-03-12,173.23,169.87,3.36
2024-03-13,2024-03-13,171.13,171.22,-0.09
2024-03-14,2024-03-14,173.0,170.09,2.91
2024-03-15,2024-03-15,172.62,173.43,-0.81
2024-03-18,2024-03-18,173.72,172.18,1.54
2024-03-19,2024-03-19,176.08,172.88,3.2
2024-03-20,2024-03-20,178.67,175.36,3.31
2024-03-21,2024-03-21,171.37,177.15,-5.78
2024-03-22,2024-03-22,172.28,170.29,1.99
2024-03-25,2024-03-25,170.85,173.11,-2.26
2024-03-26,2024-03-26,169.71,171.29,-1.58
2024-03-27,2024-03-27,173.31,169.03,4.28
2024-03-28,2024-03-28,171.48,172.83,-1.35
2024-04-01,2024-04-01,170.03,170.67,-0.64
2024-04-02,2024-04-02,168.84,168.38,0.46
2024-04-03,2024-04-03,169.65,169.84,-0.19
2024-04-04,2024-04-04,168.82,169.32,-0.5
2024-04-05,2024-04-05,169.58,169.86,-0.28
2024-04-08,2024-04-08,168.45,169.56,-1.11
2024-04-09,2024-04-09,169.67,168.45,1.22
2024-04-10,2024-04-10,167.78,168.95,-1.17
2024-04-11,2024-04-11,175.04,168.73,6.31
2024-04-12,2024-04-12,176.55,174.65,1.9
2024-04-15,2024-04-15,172.69,175.37,-2.68
2024-04-16,2024-04-16,169.38,170.07,-0.69
2024-04-17,2024-04-17,168.0,167.81,0.19
2024-04-18,2024-04-18,167.04,169.08,-2.04
2024-04-19,2024-04-19,165.0,166.53,-1.53
2024-04-22,2024-04-22,165.84,163.69,2.15
2024-04-23,2024-04-23,166.9,165.32,1.58
2024-04-24,2024-04-24,169.02,164.98,4.04
2024-04-25,2024-04-25,169.89,167.96,1.93
2024-04-26,2024-04-26,169.3,170.17,-0.87
2024-04-29,2024-04-29,173.5,169.56,3.94
2024-04-30,2024-04-30,170.33,173.55,-3.22
2024-05-01,2024-05-01,169.3,169.55,-0.25
2024-05-02,2024-05-02,173.03,169.02,4.01
2024-05-03,2024-05-03,183.38,173.34,10.04
2024-05-06,2024-05-06,181.71,174.88,6.83
2024-05-07,2024-05-07,182.4,175.15,7.25
2024-05-08,2024-05-08,182.74,177.69,5.05
2024-05-09,2024-05-09,184.57,177.28,7.29
2024-05-10,2024-05-10,183.05,176.28,6.77
2024-05-13,2024-05-13,186.28,176.96,9.32
2024-05-14,2024-05-14,187.43,178.39,9.04
2024-05-15,2024-05-15,189.72,176.83,12.89
2024-05-16,2024-05-16,189.84,177.76,12.08
2024-05-17,2024-05-17,189.87,175.73,14.14
2024-05-20,2024-05-20,191.04,177.36,13.68
2024-05-21,2024-05-21,192.35,177.65,14.7
2024-05-22,2024-05-22,190.9,176.92,13.98
2024-05-23,2024-05-23,186.88,176.08,10.8
2024-05-24,2024-05-24,189.98,174.22,15.76
2024-05-28,2024-05-28,189.99,178.36,11.63
2024-05-29,2024-05-29,190.29,176.68,13.61
2024-05-30,2024-05-30,191.29,177.12,14.17
2024-05-31,2024-05-31,192.25,176.44,15.81
2024-06-03,2024-06-03,194.03,176.49,17.54
2024-06-04,2024-06-04,194.35,176.57,17.78
2024-06-05,2024-06-05,195.87,177.09,18.78
2024-06-06,2024-06-06,194.48,176.94,17.54
2024-06-07,2024-06-07,196.89,176.07,20.82
2024-06-10,2024-06-10,193.12,177.82,15.3
2024-06-11,2024-06-11,207.15,173.4,33.75
2024-06-12,2024-06-12,213.07,177.15,35.92
2024-06-13,2024-06-13,214.24,177.15,37.09
2024-06-14,2024-06-14,212.49,176.61,35.88
2024-06-17,2024-06-17,216.67,175.24,41.43
2024-06-18,2024-06-18,214.29,176.7,37.59
2024-06-20,2024-06-20,209.68,176.34,33.34
2024-06-21,2024-06-21,207.49,175.37,32.12
2024-06-24,2024-06-24,208.14,175.87,32.27
2024-06-25,2024-06-25,209.07,176.92,32.15
2024-06-26,2024-06-26,213.25,175.01,38.24
2024-06-27,2024-06-27,214.1,177.09,37.01
2024-06-28,2024-06-28,210.62,176.64,33.98
2024-07-01,2024-07-01,216.75,173.68,43.07
2024-07-02,2024-07-02,220.27,178.29,41.98
2024-07-03,2024-07-03,221.55,176.84,44.71
2024-07-05,2024-07-05,226.34,176.4,49.94
2024-07-08,2024-07-08,227.82,176.63,51.19
2024-07-09,2024-07-09,228.68,177.07,51.61
2024-07-10,2024-07-10,232.98,176.87,56.11
2024-07-11,2024-07-11,227.57,177.32,50.25
2024-07-12,2024-07-12,230.54,173.99,56.55
2024-07-15,2024-07-15,234.4,177.54,56.86
2024-07-16,2024-07-16,234.82,176.94,57.88
2024-07-17,2024-07-17,228.88,176.62,52.26
2024-07-18,2024-07-18,224.18,173.12,51.06
2024-07-19,2024-07-19,224.31,175.01,49.3
2024-07-22,2024-07-22,223.96,177.41,46.55
2024-07-23,2024-07-23,225.01,177.32,47.69
2024-07-24,2024-07-24,218.54,177.38,41.16
2024-07-25,2024-07-25,217.49,173.28,44.21
2024-07-26,2024-07-26,217.96,177.0,40.96
2024-07-29,2024-07-29,218.24,177.76,40.48
2024-07-30,2024-07-30,218.8,176.9,41.9
2024-07-31,2024-07-31,222.08,176.58,45.5
2024-08-01,2024-08-01,218.36,177.06,41.3
2024-08-02,2024-08-02,219.86,173.65,46.21
2024-08-05,2024-08-05,209.27,177.61,31.66
2024-08-06,2024-08-06,207.23,173.16,34.07
2024-08-07,2024-08-07,209.82,176.02,33.8
2024-08-08,2024-08-08,213.31,176.77,36.54
2024-08-09,2024-08-09,216.24,176.6,39.64
2024-08-12,2024-08-12,217.53,175.81,41.72
2024-08-13,2024-08-13,221.27,177.32,43.95
2024-08-14,2024-08-14,221.72,177.55,44.17
2024-08-15,2024-08-15,224.72,176.85,47.87
2024-08-16,2024-08-16,226.05,176.93,49.12
2024-08-19,2024-08-19,225.89,177.97,47.92
2024-08-20,2024-08-20,226.51,177.02,49.49
2024-08-21,2024-08-21,226.4,177.39,49.01
2024-08-22,2024-08-22,224.53,177.2,47.33
2024-08-23,2024-08-23,226.84,176.96,49.88
2024-08-26,2024-08-26,227.18,177.38,49.8
2024-08-27,2024-08-27,228.03,176.44,51.59
2024-08-28,2024-08-28,226.49,177.03,49.46
2024-08-29,2024-08-29,229.79,175.87,53.92
2024-08-30,2024-08-30,229.0,177.54,51.46
2024-09-03,2024-09-03,222.77,176.38,46.39
2024-09-04,2024-09-04,220.85,174.11,46.74
2024-09-05,2024-09-05,222.38,177.11,45.27
2024-09-06,2024-09-06,220.82,177.55,43.27
2024-09-09,2024-09-09,220.91,175.25,45.66
2024-09-10,2024-09-10,220.11,177.01,43.1
2024-09-11,2024-09-11,222.66,177.42,45.24
2024-09-12,2024-09-12,222.77,177.39,45.38
2024-09-13,2024-09-13,222.5,177.01,45.49
2024-09-16,2024-09-16,216.32,177.55,38.77
2024-09-17,2024-09-17,216.79,174.52,42.27
2024-09-18,2024-09-18,220.69,177.63,43.06
2024-09-19,2024-09-19,228.87,176.99,51.88
2024-09-20,2024-09-20,228.2,176.02,52.18
2024-09-23,2024-09-23,226.47,176.09,50.38
2024-09-24,2024-09-24,227.37,176.29,51.08
2024-09-25,2024-09-25,226.37,177.7,48.67
2024-09-26,2024-09-26,227.52,177.23,50.29
2024-09-27,2024-09-27,227.79,177.92,49.87
2024-09-30,2024-09-30,233.0,176.74,56.26
2024-10-01,2024-10-01,226.21,177.13,49.08
2024-10-02,2024-10-02,226.78,174.05,52.73
2024-10-03,2024-10-03,225.67,177.85,47.82
2024-10-04,2024-10-04,226.8,176.59,50.21
2024-10-07,2024-10-07,221.69,177.1,44.59
2024-10-08,2024-10-08,225.77,173.18,52.59
2024-10-09,2024-10-09,229.54,177.66,51.88
2024-10-10,2024-10-10,229.04,176.47,52.57
2024-10-11,2024-10-11,227.55,177.02,50.53
2024-10-14,2024-10-14,231.3,176.53,54.77
2024-10-15,2024-10-15,233.85,178.26,55.59
2024-10-16,2024-10-16,231.78,176.61,55.17
2024-10-17,2024-10-17,232.15,175.71,56.44
2024-10-18,2024-10-18,235.0,177.51,57.49
2024-10-21,2024-10-21,236.48,177.17,59.31
2024-10-22,2024-10-22,235.86,176.98,58.88
2024-10-23,2024-10-23,230.76,177.14,53.62
2024-10-24,2024-10-24,230.57,174.2,56.37
2024-10-25,2024-10-25,231.41,177.82,53.59
2024-10-28,2024-10-28,233.4,177.56,55.84
2024-10-29,2024-10-29,233.67,176.64,57.03
2024-10-30,2024-10-30,230.1,176.46,53.64
2024-10-31,2024-10-31,225.91,174.29,51.62
2024-11-01,2024-11-01,222.91,174.15,48.76
2024-11-04,2024-11-04,222.01,175.03,46.98
2024-11-05,2024-11-05,223.45,177.01,46.44
2024-11-06,2024-11-06,222.72,176.27,46.45
2024-11-07,2024-11-07,227.48,175.45,52.03
2024-11-08,2024-11-08,226.96,177.46,49.5
2024-11-11,2024-11-11,224.23,177.14,47.09
2024-11-12,2024-11-12,224.23,175.58,48.65
2024-11-13,2024-11-13,225.12,177.63,47.49
2024-11-14,2024-11-14,228.22,177.49,50.73
2024-11-15,2024-11-15,225.0,176.13,48.87
2024-11-18,2024-11-18,228.02,173.36,54.66
2024-11-19,2024-11-19,228.28,177.0,51.28
2024-11-20,2024-11-20,229.0,176.31,52.69
2024-11-21,2024-11-21,228.52,177.48,51.04
2024-11-22,2024-11-22,229.87,176.54,53.33
2024-11-25,2024-11-25,232.87,177.55,55.32
2024-11-26,2024-11-26,235.06,176.43,58.63
2024-11-27,2024-11-27,234.93,176.76,58.17
2024-11-29,2024-11-29,237.33,176.84,60.49
2024-12-02,2024-12-02,239.59,177.15,62.44
2024-12-03,2024-12-03,242.65,177.0,65.65
2024-12-04,2024-12-04,243.01,176.75,66.26
2024-12-05,2024-12-05,243.04,176.54,66.5
2024-12-06,2024-12-06,242.84,177.01,65.83
2024-12-09,2024-12-09,246.75,177.76,68.99
2024-12-10,2024-12-10,247.77,177.51,70.26
2024-12-11,2024-12-11,246.49,176.88,69.61
2024-12-12,2024-12-12,247.96,176.87,71.09
2024-12-13,2024-12-13,248.13,177.65,70.48
2024-12-16,2024-12-16,251.04,176.66,74.38
2024-12-17,2024-12-17,253.48,177.45,76.03
2024-12-18,2024-12-18,248.05,176.93,71.12
2024-12-19,2024-12-19,249.79,173.85,75.94
2024-12-20,2024-12-20,254.49,177.16,77.33
2024-12-23,2024-12-23,255.27,177.17,78.1
2024-12-24,2024-12-24,258.2,176.3,81.9
2024-12-26,2024-12-26,259.02,176.2,82.82
2024-12-27,2024-12-27,255.59,177.13,78.46
2024-12-30,2024-12-30,252.2,174.01,78.19
2024-12-31,2024-12-31,250.42,174.96,75.46
2025-01-02,2025-01-02,243.85,177.26,66.59
2025-01-03,2025-01-03,243.36,173.7,69.66
2025-01-06,2025-01-06,245.0,177.23,67.77
2025-01-07,2025-01-07,242.21,177.98,64.23
2025-01-08,2025-01-08,242.7,174.99,67.71
2025-01-10,2025-01-10,236.85,177.38,59.47
2025-01-13,2025-01-13,234.4,173.52,60.88
2025-01-14,2025-01-14,233.28,176.01,57.27
2025-01-15,2025-01-15,237.87,178.0,59.87
2025-01-16,2025-01-16,228.26,177.48,50.78
2025-01-17,2025-01-17,229.98,172.93,57.05
2025-01-21,2025-01-21,222.64,177.54,45.1
2025-01-22,2025-01-22,223.83,174.86,48.97
2025-01-23,2025-01-23,223.66,177.37,46.29
2025-01-24,2025-01-24,222.78,175.93,46.85
2025-01-27,2025-01-27,229.86,177.55,52.31
2025-01-28,2025-01-28,238.26,176.31,61.95
2025-01-29,2025-01-29,239.36,177.78,61.58
2025-01-30,2025-01-30,237.59,176.95,60.64
2025-01-31,2025-01-31,236.0,176.74,59.26
2025-02-03,2025-02-03,228.01,177.11,50.9
2025-02-04,2025-02-04,232.8,176.89,55.91
2025-02-05,2025-02-05,232.47,177.87,54.6
2025-02-06,2025-02-06,233.22,176.16,57.06
2025-02-07,2025-02-07,227.63,176.49,51.14
2025-02-10,2025-02-10,227.65,173.0,54.65
2025-02-11,2025-02-11,232.62,177.37,55.25
2025-02-12,2025-02-12,236.87,177.6,59.27
2025-02-13,2025-02-13,241.53,176.91,64.62
2025-02-14,2025-02-14,244.6,176.85,67.75
2025-02-18,2025-02-18,244.47,177.77,66.7
2025-02-19,2025-02-19,244.87,176.89,67.98
2025-02-20,2025-02-20,245.83,178.04,67.79
2025-02-21,2025-02-21,245.55,177.21,68.34
2025-02-24,2025-02-24,247.1,177.0,70.1
2025-02-25,2025-02-25,247.04,177.41,69.63
2025-02-26,2025-02-26,240.36,176.73,63.63
2025-02-27,2025-02-27,237.3,174.66,62.64
2025-02-28,2025-02-28,241.84,174.56,67.28
2025-03-03,2025-03-03,238.03,178.12,59.91
2025-03-04,2025-03-04,235.93,172.74,63.19
2025-03-05,2025-03-05,235.74,174.9,60.84
2025-03-06,2025-03-06,235.33,177.55,57.78
2025-03-07,2025-03-07,239.07,176.91,62.16
2025-03-10,2025-03-10,227.48,177.03,50.45
2025-03-11,2025-03-11,220.84,174.62,46.22
2025-03-12,2025-03-12,216.98,174.11,42.87
2025-03-13,2025-03-13,209.68,174.35,35.33
2025-03-14,2025-03-14,213.49,175.07,38.42
2025-03-17,2025-03-17,214.0,176.67,37.33
2025-03-18,2025-03-18,212.69,175.36,37.33
2025-03-19,2025-03-19,215.24,175.47,39.77
2025-03-20,2025-03-20,214.1,176.9,37.2
2025-03-21,2025-03-21,218.27,177.29,40.98
2025-03-24,2025-03-24,220.73,179.19,41.54
2025-03-25,2025-03-25,223.75,177.58,46.17
2025-03-26,2025-03-26,221.53,177.13,44.4
2025-03-27,2025-03-27,223.85,176.4,47.45
2025-03-28,2025-03-28,217.9,177.8,40.1
2025-03-31,2025-03-31,222.13,174.06,48.07
2025-04-01,2025-04-01,223.19,178.06,45.13
2025-04-02,2025-04-02,223.89,176.93,46.96
2025-04-03,2025-04-03,203.19,176.89,26.3
2025-04-04,2025-04-04,188.38,172.65,15.73
2025-04-07,2025-04-07,181.46,172.3,9.16
2025-04-08,2025-04-08,172.42,172.02,0.4
2025-04-09,2025-04-09,198.85,171.12,27.73
2025-04-10,2025-04-10,190.42,174.72,15.7
2025-04-11,2025-04-11,198.15,171.86,26.29
2025-04-14,2025-04-14,202.52,175.35,27.17
2025-04-15,2025-04-15,202.14,176.09,26.05
2025-04-16,2025-04-16,194.27,174.64,19.63
2025-04-17,2025-04-17,196.98,175.27,21.71
2025-04-21,2025-04-21,193.16,178.0,15.16
2025-04-22,2025-04-22,199.74,175.0,24.74
2025-04-23,2025-04-23,204.6,178.88,25.72
2025-04-24,2025-04-24,208.37,174.59,33.78
2025-04-25,2025-04-25,209.28,177.87,31.41
2025-04-28,2025-04-28,210.14,175.08,35.06
2025-04-29,2025-04-29,211.21,177.82,33.39
2025-04-30,2025-04-30,212.5,177.03,35.47
2025-05-01,2025-05-01,213.32,177.91,35.41
2025-05-02,2025-05-02,205.35,176.77,28.58
2025-05-05,2025-05-05,198.89,172.84,26.05
2025-05-06,2025-05-06,198.51,175.37,23.14
2025-05-07,2025-05-07,196.25,177.62,18.63
2025-05-08,2025-05-08,197.49,175.38,22.11
2025-05-09,2025-05-09,198.53,175.81,22.72
2025-05-12,2025-05-12,210.79,175.78,35.01
2025-05-13,2025-05-13,212.93,176.28,36.65
2025-05-14,2025-05-14,212.33,176.94,35.39
2025-05-15,2025-05-15,211.45,177.62,33.83
2025-05-16,2025-05-16,211.26,178.39,32.87
2025-05-19,2025-05-19,208.78,177.7,31.08
2025-05-20,2025-05-20,206.86,176.41,30.45
2025-05-21,2025-05-21,202.09,175.77,26.32
2025-05-22,2025-05-22,201.36,173.66,27.7
2025-05-23,2025-05-23,195.27,176.5,18.77
2025-05-27,2025-05-27,200.21,173.28,26.93
2025-05-28,2025-05-28,200.42,177.7,22.72
2025-05-29,2025-05-29,199.95,176.03,23.92
2025-05-30,2025-05-30,200.85,176.63,24.22
2025-06-02,2025-06-02,201.7,176.47,25.23
2025-06-03,2025-06-03,203.27,177.63,25.64
2025-06-04,2025-06-04,202.82,176.7,26.12
2025-06-05,2025-06-05,200.63,176.83,23.8
2025-06-06,2025-06-06,203.92,175.83,28.09
2025-06-09,2025-06-09,201.45,177.26,24.19
2025-06-10,2025-06-10,202.67,174.2,28.47
2025-06-11,2025-06-11,198.78,177.21,21.57
2025-06-12,2025-06-12,199.2,173.34,25.86
2025-06-13,2025-06-13,196.45,177.09,19.36
2025-06-16,2025-06-16,198.42,173.63,24.79
2025-06-17,2025-06-17,195.64,177.57,18.07
2025-06-18,2025-06-18,196.58,172.79,23.79
2025-06-20,2025-06-20,201.0,177.11,23.89
2025-06-23,2025-06-23,201.5,176.91,24.59
2025-06-24,2025-06-24,200.3,177.0,23.3
2025-06-25,2025-06-25,201.56,176.52,25.04
2025-06-26,2025-06-26,201.0,177.89,23.11
2025-06-27,2025-06-27,201.08,177.05,24.03
2025-06-30,2025-06-30,205.17,177.66,27.51
2025-07-01,2025-07-01,207.82,177.99,29.83
2025-07-02,2025-07-02,212.44,176.8,35.64
2025-07-03,2025-07-03,213.55,176.86,36.69
2025-07-07,2025-07-07,209.95,176.82,33.13
2025-07-08,2025-07-08,210.01,173.99,36.02
2025-07-09,2025-07-09,211.14,177.47,33.67
2025-07-10,2025-07-10,212.41,177.57,34.84
2025-07-11,2025-07-11,211.16,176.41,34.75
2025-07-14,2025-07-14,208.62,176.29,32.33
2025-07-15,2025-07-15,209.11,174.15,34.96
2025-07-16,2025-07-16,210.16,177.57,32.59
2025-07-17,2025-07-17,210.02,177.15,32.87
2025-07-18,2025-07-18,211.18,176.54,34.64
2025-07-21,2025-07-21,212.48,177.44,35.04
2025-07-22,2025-07-22,214.4,176.63,37.77
2025-07-23,2025-07-23,214.15,176.71,37.44
2025-07-24,2025-07-24,213.76,176.78,36.98
2025-07-25,2025-07-25,213.88,177.46,36.42
2025-07-28,2025-07-28,214.05,177.37,36.68
2025-07-29,2025-07-29,211.27,177.3,33.97
2025-07-30,2025-07-30,209.05,174.24,34.81
2025-07-31,2025-07-31,207.57,175.74,31.83
2025-08-01,2025-08-01,202.38,176.46,25.92
2025-08-04,2025-08-04,203.35,173.64,29.71
2025-08-05,2025-08-05,202.92,177.63,25.29
2025-08-06,2025-08-06,213.25,176.76,36.49
2025-08-07,2025-08-07,220.03,176.41,43.62
2025-08-08,2025-08-08,229.35,176.41,52.94
2025-08-11,2025-08-11,227.18,176.75,50.43
2025-08-12,2025-08-12,229.65,175.39,54.26
2025-08-13,2025-08-13,233.33,176.98,56.35
2025-08-14,2025-08-14,232.78,176.96,55.82
2025-08-15,2025-08-15,231.59,175.43,56.16
2025-08-18,2025-08-18,230.89,176.94,53.95
2025-08-19,2025-08-19,230.56,176.65,53.91
2025-08-20,2025-08-20,226.01,175.95,50.06
2025-08-21,2025-08-21,224.9,173.81,51.09
2025-08-22,2025-08-22,227.76,176.38,51.38
2025-08-25,2025-08-25,227.16,177.25,49.91
2025-08-26,2025-08-26,229.31,176.39,52.92
2025-08-27,2025-08-27,230.49,176.93,53.56
2025-08-28,2025-08-28,232.56,176.7,55.86
2025-08-29,2025-08-29,232.14,176.76,55.38
2025-09-02,2025-09-02,229.72,176.7,53.02
2025-09-03,2025-09-03,238.47,176.27,62.2
2025-09-04,2025-09-04,239.78,177.36,62.42
2025-09-05,2025-09-05,239.69,176.83,62.86
2025-09-08,2025-09-08,237.88,176.93,60.95
2025-09-09,2025-09-09,234.35,176.28,58.07
2025-09-10,2025-09-10,226.79,174.93,51.86
2025-09-11,2025-09-11,230.03,175.39,54.64
2025-09-12,2025-09-12,234.07,177.4,56.67
2025-09-15,2025-09-15,236.7,176.27,60.43
2025-09-16,2025-09-16,238.15,175.9,62.25
2025-09-17,2025-09-17,238.99,176.04,62.95
2025-09-18,2025-09-18,237.88,176.63,61.25
2025-09-19,2025-09-19,245.5,176.9,68.6
2025-09-22,2025-09-22,256.08,178.3,77.78
2025-09-23,2025-09-23,254.43,176.34,78.09
2025-09-24,2025-09-24,252.31,176.82,75.49
2025-09-25,2025-09-25,256.87,177.09,79.78
2025-09-26,2025-09-26,255.46,178.24,77.22
2025-09-29,2025-09-29,254.43,176.04,78.39
2025-09-30,2025-09-30,254.63,177.4,77.23
2025-10-01,2025-10-01,255.45,176.77,78.68
2025-10-02,2025-10-02,257.13,177.2,79.93
2025-10-03,2025-10-03,258.02,176.43,81.59
2025-10-06,2025-10-06,256.69,176.18,80.51
2025-10-07,2025-10-07,256.48,176.72,79.76
2025-10-08,2025-10-08,258.06,177.27,80.79
2025-10-09,2025-10-09,254.04,177.58,76.46
2025-10-10,2025-10-10,245.27,173.23,72.04
2025-10-13,2025-10-13,247.66,174.4,73.26
2025-10-14,2025-10-14,247.77,177.25,70.52
2025-10-15,2025-10-15,249.34,175.93,73.41
2025-10-16,2025-10-16,247.45,176.33,71.12
2025-10-17,2025-10-17,252.29,174.73,77.56
2025-10-20,2025-10-20,262.24,177.52,84.72
2025-10-21,2025-10-21,262.77,176.59,86.18
2025-10-22,2025-10-22,258.45,177.54,80.91
2025-10-23,2025-10-23,259.58,173.08,86.5
2025-10-24,2025-10-24,262.82,178.27,84.55
2025-10-27,2025-10-27,268.81,177.1,91.71
2025-10-28,2025-10-28,269.0,176.84,92.16
2025-10-29,2025-10-29,269.7,176.2,93.5
2025-10-30,2025-10-30,271.4,176.84,94.56
2025-10-31,2025-10-31,270.37,176.93,93.44
2025-11-03,2025-11-03,269.05,177.34,91.71
2025-11-04,2025-11-04,270.04,177.39,92.65
2025-11-05,2025-11-05,270.14,177.28,92.86
2025-11-06,2025-11-06,269.77,176.65,93.12
2025-11-07,2025-11-07,268.47,177.42,91.05
2025-11-10,2025-11-10,269.43,177.51,91.92
2025-11-11,2025-11-11,275.25,177.26,97.99
2025-11-12,2025-11-12,273.47,176.74,96.73
2025-11-13,2025-11-13,272.95,175.54,97.41
2025-11-14,2025-11-14,272.41,177.27,95.14
2025-11-17,2025-11-17,267.46,177.16,90.3
2025-11-18,2025-11-18,267.44,174.3,93.14
2025-11-19,2025-11-19,268.56,177.39,91.17
2025-11-20,2025-11-20,266.25,176.97,89.28
2025-11-21,2025-11-21,271.49,175.04,96.45
2025-11-24,2025-11-24,275.92,177.0,98.92
2025-11-25,2025-11-25,276.97,176.53,100.44
2025-11-26,2025-11-26,277.55,176.35,101.2
2025-11-28,2025-11-28,278.85,177.02,101.83
2025-12-01,2025-12-01,283.1,177.02,106.08
2025-12-02,2025-12-02,286.19,176.62,109.57
2025-12-03,2025-12-03,284.15,176.83,107.32
2025-12-04,2025-12-04,280.7,176.0,104.7
2025-12-05,2025-12-05,278.78,175.01,103.77
2025-12-08,2025-12-08,277.89,176.95,100.94
2025-12-09,2025-12-09,277.18,177.75,99.43
2025-12-10,2025-12-10,278.78,177.14,101.64
2025-12-11,2025-12-11,278.03,177.51,100.52
2025-12-12,2025-12-12,278.28,177.02,101.26
2025-12-15,2025-12-15,274.11,177.25,96.86
2025-12-16,2025-12-16,274.61,174.65,99.96
2025-12-17,2025-12-17,271.84,177.79,94.05
2025-12-18,2025-12-18,272.19,175.25,96.94
2025-12-19,2025-12-19,273.67,176.72,96.95
2025-12-22,2025-12-22,270.97,176.4,94.57
2025-12-23,2025-12-23,272.36,175.29,97.07
2025-12-24,2025-12-24,273.81,177.29,96.52
2025-12-26,2025-12-26,273.4,176.77,96.63
2025-12-29,2025-12-29,273.76,177.01,96.75
2025-12-30,2025-12-30,273.08,177.58,95.5
2025-12-31,2025-12-31,271.86,177.44,94.42
2026-01-02,2026-01-02,271.01,177.4,93.61
2026-01-05,2026-01-05,267.26,177.24,90.02
2026-01-06,2026-01-06,262.36,174.09,88.27
2026-01-07,2026-01-07,260.33,174.03,86.3
2026-01-08,2026-01-08,259.04,176.34,82.7
2026-01-09,2026-01-09,259.37,176.78,82.59
2026-01-12,2026-01-12,260.25,176.45,83.8
2026-01-13,2026-01-13,261.05,176.37,84.68
2026-01-14,2026-01-14,259.96,176.44,83.52
2026-01-15,2026-01-15,258.21,176.91,81.3
2026-01-16,2026-01-16,255.53,176.9,78.63
2026-01-20,2026-01-20,246.7,175.85,70.85
2026-01-21,2026-01-21,247.65,174.28,73.37
2026-01-22,2026-01-22,248.35,177.38,70.97
2026-01-23,2026-01-23,248.04,176.72,71.32
2026-01-26,2026-01-26,255.41,176.34,79.07
2026-01-27,2026-01-27,258.27,176.35,81.92
2026-01-28,2026-01-28,256.44,176.65,79.79
2026-01-29,2026-01-29,258.28,175.67,82.61
2026-01-30,2026-01-30,259.48,177.9,81.58
2026-02-02,2026-02-02,270.01,176.83,93.18
2026-02-03,2026-02-03,269.48,176.94,92.54
2026-02-04,2026-02-04,276.49,176.67,99.82
2026-02-05,2026-02-05,275.91,177.51,98.4
2026-02-06,2026-02-06,278.12,177.19,100.93
2026-02-09,2026-02-09,274.62,177.06,97.56
2026-02-10,2026-02-10,273.68,174.24,99.44
2026-02-11,2026-02-11,275.5,177.42,98.08
2026-02-12,2026-02-12,261.73,176.98,84.75
2026-02-13,2026-02-13,255.78,172.84,82.94
2026-02-17,2026-02-17,263.88,172.12,91.76
2026-02-18,2026-02-18,264.35,177.28,87.07
2026-02-19,2026-02-19,260.58,176.43,84.15
2026-02-20,2026-02-20,264.58,171.58,93.0
2026-02-23,2026-02-23,266.18,177.24,88.94
2026-02-24,2026-02-24,272.14,176.73,95.41
2026-02-25,2026-02-25,274.23,176.84,97.39
2026-02-26,2026-02-26,272.95,177.25,95.7
2026-02-27,2026-02-27,264.18,178.2,85.98
2026-03-02,2026-03-02,264.72,175.32,89.4
2026-03-03,2026-03-03,263.75,178.26,85.49
2026-03-04,2026-03-04,262.52,176.82,85.7
2026-03-05,2026-03-05,260.29,176.83,83.46
2026-03-06,2026-03-06,257.46,174.95,82.51
