Date,Date,Actual,LSTM,Diff
2022-12-06,2022-12-06,142.91,146.17,-3.26
2022-12-07,2022-12-07,140.94,145.14,-4.2
2022-12-08,2022-12-08,142.65,143.31,-0.66
2022-12-09,2022-12-09,142.16,142.24,-0.08
2022-12-12,2022-12-12,144.49,141.6,2.89
2022-12-13,2022-12-13,145.47,142.04,3.43
2022-12-14,2022-12-14,143.21,143.06,0.15
2022-12-15,2022-12-15,136.5,143.33,-6.83
2022-12-16,2022-12-16,134.51,141.26,-6.75
2022-12-19,2022-12-19,132.37,138.36,-5.99
2022-12-20,2022-12-20,132.3,135.36,-3.06
2022-12-21,2022-12-21,135.45,133.19,2.26
2022-12-22,2022-12-22,132.23,132.9,-0.67
2022-12-23,2022-12-23,131.86,132.48,-0.62
2022-12-27,2022-12-27,130.03,132.11,-2.08
2022-12-28,2022-12-28,126.04,131.35,-5.31
2022-12-29,2022-12-29,129.61,129.54,0.07
2022-12-30,2022-12-30,129.93,128.92,1.01
2023-01-03,2023-01-03,125.07,128.99,-3.92
2023-01-04,2023-01-04,126.36,127.91,-1.55
2023-01-05,2023-01-05,125.02,127.11,-2.09
2023-01-06,2023-01-06,129.62,126.25,3.37
2023-01-09,2023-01-09,130.15,126.93,3.22
2023-01-10,2023-01-10,130.73,128.14,2.59
2023-01-11,2023-01-11,133.49,129.38,4.11
2023-01-12,2023-01-12,133.41,131.09,2.32
2023-01-13,2023-01-13,134.76,132.42,2.34
2023-01-17,2023-01-17,135.94,133.61,2.33
2023-01-18,2023-01-18,135.21,134.71,0.5
2023-01-19,2023-01-19,135.27,135.19,0.08
2023-01-20,2023-01-20,137.87,135.28,2.59
2023-01-23,2023-01-23,141.11,135.92,5.19
2023-01-24,2023-01-24,142.53,137.5,5.03
2023-01-25,2023-01-25,141.86,139.38,2.48
2023-01-26,2023-01-26,143.96,140.6,3.36
2023-01-27,2023-01-27,145.93,141.85,4.08
2023-01-30,2023-01-30,143.0,143.29,-0.29
2023-01-31,2023-01-31,144.29,143.46,0.83
2023-02-01,2023-02-01,145.43,143.49,1.94
2023-02-02,2023-02-02,150.82,143.76,7.06
2023-02-03,2023-02-03,154.5,145.66,8.84
2023-02-06,2023-02-06,151.73,148.69,3.04
2023-02-07,2023-02-07,154.65,150.4,4.25
2023-02-08,2023-02-08,151.92,152.03,-0.11
2023-02-09,2023-02-09,150.87,152.24,-1.37
2023-02-10,2023-02-10,151.01,151.52,-0.51
2023-02-13,2023-02-13,153.85,150.67,3.18
2023-02-14,2023-02-14,153.2,150.88,2.32
2023-02-15,2023-02-15,155.33,151.2,4.13
2023-02-16,2023-02-16,153.71,152.14,1.57
2023-02-17,2023-02-17,152.55,152.54,0.01
2023-02-21,2023-02-21,148.48,152.29,-3.81
2023-02-22,2023-02-22,148.91,150.63,-1.72
2023-02-23,2023-02-23,149.4,149.11,0.29
2023-02-24,2023-02-24,146.71,148.25,-1.54
2023-02-27,2023-02-27,147.92,147.08,0.84
2023-02-28,2023-02-28,147.41,146.58,0.83
2023-03-01,2023-03-01,145.31,146.34,-1.03
2023-03-02,2023-03-02,145.91,145.67,0.24
2023-03-03,2023-03-03,151.03,145.28,5.75
2023-03-06,2023-03-06,153.83,146.68,7.15
2023-03-07,2023-03-07,151.6,149.18,2.42
2023-03-08,2023-03-08,152.87,150.68,2.19
2023-03-09,2023-03-09,150.59,151.77,-1.18
2023-03-10,2023-03-10,148.5,151.64,-3.14
2023-03-13,2023-03-13,150.47,150.42,0.05
2023-03-14,2023-03-14,152.59,149.73,2.86
2023-03-15,2023-03-15,152.99,150.05,2.94
2023-03-16,2023-03-16,155.85,150.74,5.11
2023-03-17,2023-03-17,155.0,152.26,2.74
2023-03-20,2023-03-20,157.4,153.36,4.04
2023-03-21,2023-03-21,159.28,154.72,4.56
2023-03-22,2023-03-22,157.83,156.33,1.5
2023-03-23,2023-03-23,158.93,157.06,1.87
2023-03-24,2023-03-24,160.25,157.57,2.68
2023-03-27,2023-03-27,158.28,158.21,0.07
2023-03-28,2023-03-28,157.65,158.05,-0.4
2023-03-29,2023-03-29,160.77,157.43,3.34
2023-03-30,2023-03-30,162.36,157.8,4.56
2023-03-31,2023-03-31,164.9,158.88,6.02
2023-04-03,2023-04-03,166.17,160.7,5.47
2023-04-04,2023-04-04,165.63,162.63,3.0
2023-04-05,2023-04-05,163.76,163.84,-0.08
2023-04-06,2023-04-06,164.66,163.8,0.86
2023-04-10,2023-04-10,162.03,163.59,-1.56
2023-04-11,2023-04-11,160.8,162.49,-1.69
2023-04-12,2023-04-12,160.1,161.02,-0.92
2023-04-13,2023-04-13,165.56,159.64,5.92
2023-04-14,2023-04-14,165.21,160.45,4.76
2023-04-17,2023-04-17,165.23,161.7,3.53
2023-04-18,2023-04-18,166.47,162.79,3.68
2023-04-19,2023-04-19,167.63,163.91,3.72
2023-04-20,2023-04-20,166.65,165.07,1.58
2023-04-21,2023-04-21,165.02,165.55,-0.53
2023-04-24,2023-04-24,165.33,165.11,0.22
2023-04-25,2023-04-25,163.77,164.55,-0.78
2023-04-26,2023-04-26,163.76,163.59,0.17
2023-04-27,2023-04-27,168.41,162.78,5.63
2023-04-28,2023-04-28,169.68,163.76,5.92
2023-05-01,2023-05-01,169.59,165.46,4.13
2023-05-02,2023-05-02,168.54,166.91,1.63
2023-05-03,2023-05-03,167.45,167.5,-0.05
2023-05-04,2023-05-04,165.79,167.23,-1.44
2023-05-05,2023-05-05,173.57,166.19,7.38
2023-05-08,2023-05-08,173.5,167.66,5.84
2023-05-09,2023-05-09,171.77,169.49,2.28
2023-05-10,2023-05-10,173.55,170.35,3.2
2023-05-11,2023-05-11,173.75,171.17,2.58
2023-05-12,2023-05-12,172.57,171.74,0.83
2023-05-15,2023-05-15,172.07,171.63,0.44
2023-05-16,2023-05-16,172.07,171.12,0.95
2023-05-17,2023-05-17,172.69,170.61,2.08
2023-05-18,2023-05-18,175.05,170.44,4.61
2023-05-19,2023-05-19,175.16,171.21,3.95
2023-05-22,2023-05-22,174.2,172.1,2.1
2023-05-23,2023-05-23,171.56,172.47,-0.91
2023-05-24,2023-05-24,171.84,171.7,0.14
2023-05-25,2023-05-25,172.99,170.85,2.14
2023-05-26,2023-05-26,175.43,170.61,4.82
2023-05-30,2023-05-30,177.3,171.44,5.86
2023-05-31,2023-05-31,177.25,173.01,4.24
2023-06-01,2023-06-01,180.09,174.35,5.74
2023-06-02,2023-06-02,180.95,176.12,4.83
2023-06-05,2023-06-05,179.58,177.74,1.84
2023-06-06,2023-06-06,179.21,178.31,0.9
2023-06-07,2023-06-07,177.82,178.17,-0.35
2023-06-08,2023-06-08,180.57,177.31,3.26
2023-06-09,2023-06-09,180.96,177.33,3.63
2023-06-12,2023-06-12,183.79,177.74,6.05
2023-06-13,2023-06-13,183.31,179.09,4.22
2023-06-14,2023-06-14,183.95,180.17,3.78
2023-06-15,2023-06-15,186.01,181.04,4.97
2023-06-16,2023-06-16,184.92,182.22,2.7
2023-06-20,2023-06-20,185.01,182.73,2.28
2023-06-21,2023-06-21,183.96,182.86,1.1
2023-06-22,2023-06-22,187.0,182.44,4.56
2023-06-23,2023-06-23,186.68,182.94,3.74
2023-06-26,2023-06-26,185.27,183.46,1.81
2023-06-27,2023-06-27,188.06,183.36,4.7
2023-06-28,2023-06-28,189.25,184.01,5.24
2023-06-29,2023-06-29,189.59,185.08,4.51
2023-06-30,2023-06-30,193.97,186.07,7.9
2023-07-03,2023-07-03,192.46,188.18,4.28
2023-07-05,2023-07-05,191.33,189.44,1.89
2023-07-06,2023-07-06,191.81,189.62,2.19
2023-07-07,2023-07-07,190.68,189.48,1.2
2023-07-10,2023-07-10,188.61,188.84,-0.23
2023-07-11,2023-07-11,188.08,187.51,0.57
2023-07-12,2023-07-12,189.77,186.19,3.58
2023-07-13,2023-07-13,190.54,185.88,4.66
2023-07-14,2023-07-14,190.69,186.28,4.41
2023-07-17,2023-07-17,193.99,186.9,7.09
2023-07-18,2023-07-18,193.73,188.54,5.19
2023-07-19,2023-07-19,195.1,189.93,5.17
2023-07-20,2023-07-20,193.13,191.26,1.87
2023-07-21,2023-07-21,191.94,191.44,0.5
2023-07-24,2023-07-24,192.75,190.75,2.0
2023-07-25,2023-07-25,193.62,190.21,3.41
2023-07-26,2023-07-26,194.5,190.15,4.35
2023-07-27,2023-07-27,193.22,190.55,2.67
2023-07-28,2023-07-28,195.83,190.56,5.27
2023-07-31,2023-07-31,196.45,191.32,5.13
2023-08-01,2023-08-01,195.6,192.29,3.31
2023-08-02,2023-08-02,192.58,192.72,-0.14
2023-08-03,2023-08-03,191.17,191.82,-0.65
2023-08-04,2023-08-04,181.99,190.26,-8.27
2023-08-07,2023-08-07,178.85,185.9,-7.05
2023-08-08,2023-08-08,179.8,181.01,-1.21
2023-08-09,2023-08-09,178.19,177.86,0.33
2023-08-10,2023-08-10,177.97,175.88,2.09
2023-08-11,2023-08-11,177.79,175.0,2.79
2023-08-14,2023-08-14,179.46,174.87,4.59
2023-08-15,2023-08-15,177.45,175.72,1.73
2023-08-16,2023-08-16,176.57,176.07,0.5
2023-08-17,2023-08-17,174.0,175.92,-1.92
2023-08-18,2023-08-18,174.49,174.82,-0.33
2023-08-21,2023-08-21,175.84,173.91,1.93
2023-08-22,2023-08-22,177.23,173.77,3.46
2023-08-23,2023-08-23,181.12,174.38,6.74
2023-08-24,2023-08-24,176.38,176.34,0.04
2023-08-25,2023-08-25,178.61,176.59,2.02
2023-08-28,2023-08-28,180.19,176.91,3.28
2023-08-29,2023-08-29,184.12,177.59,6.53
2023-08-30,2023-08-30,187.65,179.43,8.22
2023-08-31,2023-08-31,187.87,182.2,5.67
2023-09-01,2023-09-01,189.46,184.45,5.01
2023-09-05,2023-09-05,189.7,186.27,3.43
2023-09-06,2023-09-06,182.91,187.35,-4.44
2023-09-07,2023-09-07,177.56,185.46,-7.9
2023-09-08,2023-09-08,178.18,181.32,-3.14
2023-09-11,2023-09-11,179.36,177.89,1.47
2023-09-12,2023-09-12,176.3,176.15,0.15
2023-09-13,2023-09-13,174.21,174.6,-0.39
2023-09-14,2023-09-14,175.74,173.05,2.69
2023-09-15,2023-09-15,175.01,172.59,2.42
2023-09-18,2023-09-18,177.97,172.5,5.47
2023-09-19,2023-09-19,179.07,173.63,5.44
2023-09-20,2023-09-20,175.49,175.25,0.24
2023-09-21,2023-09-21,173.93,175.4,-1.47
2023-09-22,2023-09-22,174.79,174.52,0.28
2023-09-25,2023-09-25,176.08,173.8,2.28
2023-09-26,2023-09-26,171.96,173.76,-1.8
2023-09-27,2023-09-27,170.43,172.61,-2.18
2023-09-28,2023-09-28,170.69,170.96,-0.27
2023-09-29,2023-09-29,171.21,169.74,1.47
2023-10-02,2023-10-02,173.75,169.22,4.53
2023-10-03,2023-10-03,172.4,169.96,2.44
2023-10-04,2023-10-04,173.66,170.5,3.16
2023-10-05,2023-10-05,174.91,171.25,3.66
2023-10-06,2023-10-06,177.49,172.24,5.25
2023-10-09,2023-10-09,178.99,173.84,5.15
2023-10-10,2023-10-10,178.39,175.61,2.78
2023-10-11,2023-10-11,179.8,176.66,3.14
2023-10-12,2023-10-12,180.71,177.54,3.17
2023-10-13,2023-10-13,178.85,178.31,0.54
2023-10-16,2023-10-16,178.72,178.13,0.59
2023-10-17,2023-10-17,177.15,177.58,-0.43
2023-10-18,2023-10-18,175.84,176.51,-0.67
2023-10-19,2023-10-19,175.46,175.16,0.3
2023-10-20,2023-10-20,172.88,174.0,-1.12
2023-10-23,2023-10-23,173.0,172.45,0.55
2023-10-24,2023-10-24,173.44,171.34,2.1
2023-10-25,2023-10-25,171.1,170.92,0.18
2023-10-26,2023-10-26,166.89,170.16,-3.27
2023-10-27,2023-10-27,168.22,168.24,-0.02
2023-10-30,2023-10-30,170.29,167.0,3.29
2023-10-31,2023-10-31,170.77,167.07,3.7
2023-11-01,2023-11-01,173.97,167.79,6.18
2023-11-02,2023-11-02,177.57,169.59,7.98
2023-11-03,2023-11-03,176.65,172.4,4.25
2023-11-06,2023-11-06,179.23,174.4,4.83
2023-11-07,2023-11-07,181.82,176.31,5.51
2023-11-08,2023-11-08,182.89,178.35,4.54
2023-11-09,2023-11-09,182.41,180.07,2.34
2023-11-10,2023-11-10,186.4,180.88,5.52
2023-11-13,2023-11-13,184.8,182.34,2.46
2023-11-14,2023-11-14,187.44,182.92,4.52
2023-11-15,2023-11-15,188.01,183.83,4.18
2023-11-16,2023-11-16,189.71,184.67,5.04
2023-11-17,2023-11-17,189.69,185.73,3.96
2023-11-20,2023-11-20,191.45,186.47,4.98
2023-11-21,2023-11-21,190.64,187.42,3.22
2023-11-22,2023-11-22,191.31,187.82,3.49
2023-11-24,2023-11-24,189.97,188.11,1.86
2023-11-27,2023-11-27,189.79,187.78,2.01
2023-11-28,2023-11-28,190.4,187.28,3.12
2023-11-29,2023-11-29,189.37,187.08,2.29
2023-11-30,2023-11-30,189.95,186.7,3.25
2023-12-01,2023-12-01,191.24,186.61,4.63
2023-12-04,2023-12-04,189.43,187.09,2.34
2023-12-05,2023-12-05,193.42,187.04,6.38
2023-12-06,2023-12-06,192.32,188.19,4.13
2023-12-07,2023-12-07,194.27,189.01,5.26
2023-12-08,2023-12-08,195.71,190.12,5.59
2023-12-11,2023-12-11,193.18,191.45,1.73
2023-12-12,2023-12-12,194.71,191.54,3.17
2023-12-13,2023-12-13,197.96,191.68,6.28
2023-12-14,2023-12-14,198.11,192.84,5.27
2023-12-15,2023-12-15,197.57,193.97,3.6
2023-12-18,2023-12-18,195.89,194.53,1.36
2023-12-19,2023-12-19,196.94,194.12,2.82
2023-12-20,2023-12-20,194.83,193.83,1.0
2023-12-21,2023-12-21,194.68,192.93,1.75
2023-12-22,2023-12-22,193.6,192.06,1.54
2023-12-26,2023-12-26,193.05,191.12,1.93
2023-12-27,2023-12-27,193.15,190.31,2.84
2023-12-28,2023-12-28,193.58,189.87,3.71
2023-12-29,2023-12-29,192.53,189.89,2.64
2024-01-02,2024-01-02,185.64,189.75,-4.11
2024-01-03,2024-01-03,184.25,187.33,-3.08
2024-01-04,2024-01-04,181.91,184.53,-2.62
2024-01-05,2024-01-05,181.18,181.73,-0.55
2024-01-08,2024-01-08,185.56,179.66,5.9
2024-01-09,2024-01-09,185.14,180.03,5.11
2024-01-10,2024-01-10,186.19,181.06,5.13
2024-01-11,2024-01-11,185.59,182.45,3.14
2024-01-12,2024-01-12,185.92,183.37,2.55
2024-01-16,2024-01-16,183.63,183.96,-0.33
2024-01-17,2024-01-17,182.68,183.47,-0.79
2024-01-18,2024-01-18,188.63,182.42,6.21
2024-01-19,2024-01-19,191.56,183.44,8.12
2024-01-22,2024-01-22,193.89,185.77,8.12
2024-01-23,2024-01-23,195.18,188.59,6.59
2024-01-24,2024-01-24,194.5,191.07,3.43
2024-01-25,2024-01-25,194.17,192.35,1.82
2024-01-26,2024-01-26,192.42,192.59,-0.17
2024-01-29,2024-01-29,191.73,191.71,0.02
2024-01-30,2024-01-30,188.04,190.41,-2.37
2024-01-31,2024-01-31,184.4,188.09,-3.69
2024-02-01,2024-02-01,186.86,184.94,1.92
2024-02-02,2024-02-02,185.85,183.38,2.47
2024-02-05,2024-02-05,187.68,182.56,5.12
2024-02-06,2024-02-06,189.3,182.97,6.33
2024-02-07,2024-02-07,189.41,184.29,5.12
2024-02-08,2024-02-08,188.32,185.62,2.7
2024-02-09,2024-02-09,188.85,186.21,2.64
2024-02-12,2024-02-12,187.15,186.55,0.6
2024-02-13,2024-02-13,185.04,186.1,-1.06
2024-02-14,2024-02-14,184.15,184.81,-0.66
2024-02-15,2024-02-15,183.86,183.33,0.53
2024-02-16,2024-02-16,182.31,182.15,0.16
2024-02-20,2024-02-20,181.56,180.96,0.6
2024-02-21,2024-02-21,182.32,179.92,2.4
2024-02-22,2024-02-22,184.37,179.57,4.8
2024-02-23,2024-02-23,182.52,180.28,2.24
2024-02-26,2024-02-26,181.16,180.55,0.61
2024-02-27,2024-02-27,182.63,180.19,2.44
2024-02-28,2024-02-28,181.42,180.22,1.2
2024-02-29,2024-02-29,180.75,179.96,0.79
2024-03-01,2024-03-01,179.66,179.48,0.18
2024-03-04,2024-03-04,175.1,178.71,-3.61
2024-03-05,2024-03-05,170.12,176.58,-6.46
2024-03-06,2024-03-06,169.12,173.07,-3.95
2024-03-07,2024-03-07,169.0,169.89,-0.89
2024-03-08,2024-03-08,170.73,167.82,2.91
2024-03-11,2024-03-11,172.75,167.41,5.34
2024-03-12,2024-03-12,173.23,168.45,4.78
2024-03-13,2024-03-13,171.13,169.92,1.21
2024-03-14,2024-03-14,173.0,170.47,2.53
2024-03-15,2024-03-15,172.62,171.16,1.46
2024-03-18,2024-03-18,173.72,171.53,2.19
2024-03-19,2024-03-19,176.08,172.01,4.07
2024-03-20,2024-03-20,178.67,173.1,5.57
2024-03-21,2024-03-21,171.37,174.86,-3.49
2024-03-22,2024-03-22,172.28,173.88,-1.6
2024-03-25,2024-03-25,170.85,172.54,-1.69
2024-03-26,2024-03-26,169.71,170.95,-1.24
2024-03-27,2024-03-27,173.31,169.38,3.93
2024-03-28,2024-03-28,171.48,169.47,2.01
2024-04-01,2024-04-01,170.03,169.53,0.5
2024-04-02,2024-04-02,168.84,169.15,-0.31
2024-04-03,2024-04-03,169.65,168.38,1.27
2024-04-04,2024-04-04,168.82,168.0,0.82
2024-04-05,2024-04-05,169.58,167.61,1.97
2024-04-08,2024-04-08,168.45,167.61,0.84
2024-04-09,2024-04-09,169.67,167.4,2.27
2024-04-10,2024-04-10,167.78,167.59,0.19
2024-04-11,2024-04-11,175.04,167.26,7.78
2024-04-12,2024-04-12,176.55,169.21,7.34
2024-04-15,2024-04-15,172.69,171.8,0.89
2024-04-16,2024-04-16,169.38,172.58,-3.2
2024-04-17,2024-04-17,168.0,171.4,-3.4
2024-04-18,2024-04-18,167.04,169.39,-2.35
2024-04-19,2024-04-19,165.0,167.37,-2.37
2024-04-22,2024-04-22,165.84,165.28,0.56
2024-04-23,2024-04-23,166.9,164.12,2.78
2024-04-24,2024-04-24,169.02,164.02,5.0
2024-04-25,2024-04-25,169.89,165.05,4.84
2024-04-26,2024-04-26,169.3,166.5,2.8
2024-04-29,2024-04-29,173.5,167.5,6.0
2024-04-30,2024-04-30,170.33,169.4,0.93
2024-05-01,2024-05-01,169.3,169.97,-0.67
2024-05-02,2024-05-02,173.03,169.56,3.47
2024-05-03,2024-05-03,183.38,170.08,13.3
2024-05-06,2024-05-06,181.71,174.06,7.65
2024-05-07,2024-05-07,182.4,177.41,4.99
2024-05-08,2024-05-08,182.74,179.74,3.0
2024-05-09,2024-05-09,184.57,180.99,3.58
2024-05-10,2024-05-10,183.05,181.97,1.08
2024-05-13,2024-05-13,186.28,181.92,4.36
2024-05-14,2024-05-14,187.43,182.52,4.91
2024-05-15,2024-05-15,189.72,183.45,6.27
2024-05-16,2024-05-16,189.84,184.91,4.93
2024-05-17,2024-05-17,189.87,186.1,3.77
2024-05-20,2024-05-20,191.04,186.8,4.24
2024-05-21,2024-05-21,192.35,187.47,4.88
2024-05-22,2024-05-22,190.9,188.3,2.6
2024-05-23,2024-05-23,186.88,188.41,-1.53
2024-05-24,2024-05-24,189.98,186.88,3.1
2024-05-28,2024-05-28,189.99,186.32,3.67
2024-05-29,2024-05-29,190.29,186.24,4.05
2024-05-30,2024-05-30,191.29,186.49,4.8
2024-05-31,2024-05-31,192.25,187.15,5.1
2024-06-03,2024-06-03,194.03,188.08,5.95
2024-06-04,2024-06-04,194.35,189.42,4.93
2024-06-05,2024-06-05,195.87,190.59,5.28
2024-06-06,2024-06-06,194.48,191.82,2.66
2024-06-07,2024-06-07,196.89,192.17,4.72
2024-06-10,2024-06-10,193.12,192.9,0.22
2024-06-11,2024-06-11,207.15,192.18,14.97
2024-06-12,2024-06-12,213.07,195.95,17.12
2024-06-13,2024-06-13,214.24,201.95,12.29
2024-06-14,2024-06-14,212.49,207.14,5.35
2024-06-17,2024-06-17,216.67,209.66,7.01
2024-06-18,2024-06-18,214.29,211.74,2.55
2024-06-20,2024-06-20,209.68,211.91,-2.23
2024-06-21,2024-06-21,207.49,209.62,-2.13
2024-06-24,2024-06-24,208.14,206.4,1.74
2024-06-25,2024-06-25,209.07,204.07,5.0
2024-06-26,2024-06-26,213.25,203.14,10.11
2024-06-27,2024-06-27,214.1,204.49,9.61
2024-06-28,2024-06-28,210.62,206.54,4.08
2024-07-01,2024-07-01,216.75,207.03,9.72
2024-07-02,2024-07-02,220.27,209.04,11.23
2024-07-03,2024-07-03,221.55,212.07,9.48
2024-07-05,2024-07-05,226.34,214.87,11.47
2024-07-08,2024-07-08,227.82,218.29,9.53
2024-07-09,2024-07-09,228.68,221.16,7.52
2024-07-10,2024-07-10,232.98,223.07,9.91
2024-07-11,2024-07-11,227.57,225.38,2.19
2024-07-12,2024-07-12,230.54,224.94,5.6
2024-07-15,2024-07-15,234.4,224.69,9.71
2024-07-16,2024-07-16,234.82,225.81,9.01
2024-07-17,2024-07-17,228.88,227.04,1.84
2024-07-18,2024-07-18,224.18,225.75,-1.57
2024-07-19,2024-07-19,224.31,222.41,1.9
2024-07-22,2024-07-22,223.96,219.6,4.36
2024-07-23,2024-07-23,225.01,217.82,7.19
2024-07-24,2024-07-24,218.54,217.45,1.09
2024-07-25,2024-07-25,217.49,215.52,1.97
2024-07-26,2024-07-26,217.96,213.55,4.41
2024-07-29,2024-07-29,218.24,212.5,5.74
2024-07-30,2024-07-30,218.8,212.33,6.47
2024-07-31,2024-07-31,222.08,212.81,9.27
2024-08-01,2024-08-01,218.36,214.6,3.76
2024-08-02,2024-08-02,219.86,214.97,4.89
2024-08-05,2024-08-05,209.27,215.32,-6.05
2024-08-06,2024-08-06,207.23,211.81,-4.58
2024-08-07,2024-08-07,209.82,207.55,2.27
2024-08-08,2024-08-08,213.31,205.34,7.97
2024-08-09,2024-08-09,216.24,205.79,10.45
2024-08-12,2024-08-12,217.53,208.09,9.44
2024-08-13,2024-08-13,221.27,210.78,10.49
2024-08-14,2024-08-14,221.72,214.06,7.66
2024-08-15,2024-08-15,224.72,216.56,8.16
2024-08-16,2024-08-16,226.05,218.94,7.11
2024-08-19,2024-08-19,225.89,220.8,5.09
2024-08-20,2024-08-20,226.51,221.66,4.85
2024-08-21,2024-08-21,226.4,221.96,4.44
2024-08-22,2024-08-22,224.53,221.8,2.73
2024-08-23,2024-08-23,226.84,220.76,6.08
2024-08-26,2024-08-26,227.18,220.53,6.65
2024-08-27,2024-08-27,228.03,220.71,7.32
2024-08-28,2024-08-28,226.49,221.26,5.23
2024-08-29,2024-08-29,229.79,221.2,8.59
2024-08-30,2024-08-30,229.0,222.15,6.85
2024-09-03,2024-09-03,222.77,222.8,-0.03
2024-09-04,2024-09-04,220.85,220.95,-0.1
2024-09-05,2024-09-05,222.38,218.26,4.12
2024-09-06,2024-09-06,220.82,216.76,4.06
2024-09-09,2024-09-09,220.91,215.64,5.27
2024-09-10,2024-09-10,220.11,215.15,4.96
2024-09-11,2024-09-11,222.66,214.84,7.82
2024-09-12,2024-09-12,222.77,215.68,7.09
2024-09-13,2024-09-13,222.5,216.71,5.79
2024-09-16,2024-09-16,216.32,217.41,-1.09
2024-09-17,2024-09-17,216.79,215.61,1.18
2024-09-18,2024-09-18,220.69,213.78,6.91
2024-09-19,2024-09-19,228.87,213.9,14.97
2024-09-20,2024-09-20,228.2,217.49,10.71
2024-09-23,2024-09-23,226.47,220.78,5.69
2024-09-24,2024-09-24,227.37,222.27,5.1
2024-09-25,2024-09-25,226.37,222.92,3.45
2024-09-26,2024-09-26,227.52,222.6,4.92
2024-09-27,2024-09-27,227.79,222.37,5.42
2024-09-30,2024-09-30,233.0,222.25,10.75
2024-10-01,2024-10-01,226.21,224.0,2.21
2024-10-02,2024-10-02,226.78,223.29,3.49
2024-10-03,2024-10-03,225.67,222.26,3.41
2024-10-04,2024-10-04,226.8,221.02,5.78
2024-10-07,2024-10-07,221.69,220.55,1.14
2024-10-08,2024-10-08,225.77,218.69,7.08
2024-10-09,2024-10-09,229.54,218.54,11.0
2024-10-10,2024-10-10,229.04,220.34,8.7
2024-10-11,2024-10-11,227.55,222.04,5.51
2024-10-14,2024-10-14,231.3,222.67,8.63
2024-10-15,2024-10-15,233.85,224.05,9.8
2024-10-16,2024-10-16,231.78,226.06,5.72
2024-10-17,2024-10-17,232.15,226.79,5.36
2024-10-18,2024-10-18,235.0,226.95,8.05
2024-10-21,2024-10-21,236.48,227.79,8.69
2024-10-22,2024-10-22,235.86,229.0,6.86
2024-10-23,2024-10-23,230.76,229.64,1.12
2024-10-24,2024-10-24,230.57,228.0,2.57
2024-10-25,2024-10-25,231.41,226.1,5.31
2024-10-28,2024-10-28,233.4,225.02,8.38
2024-10-29,2024-10-29,233.67,225.3,8.37
2024-10-30,2024-10-30,230.1,226.06,4.04
2024-10-31,2024-10-31,225.91,225.51,0.4
2024-11-01,2024-11-01,222.91,223.29,-0.38
2024-11-04,2024-11-04,222.01,220.28,1.73
2024-11-05,2024-11-05,223.45,217.77,5.68
2024-11-06,2024-11-06,222.72,216.86,5.86
2024-11-07,2024-11-07,227.48,216.63,10.85
2024-11-08,2024-11-08,226.96,218.51,8.45
2024-11-11,2024-11-11,224.23,220.33,3.9
2024-11-12,2024-11-12,224.23,220.62,3.61
2024-11-13,2024-11-13,225.12,220.33,4.79
2024-11-14,2024-11-14,228.22,220.22,8.0
2024-11-15,2024-11-15,225.0,221.25,3.75
2024-11-18,2024-11-18,228.02,221.13,6.89
2024-11-19,2024-11-19,228.28,221.74,6.54
2024-11-20,2024-11-20,229.0,222.41,6.59
2024-11-21,2024-11-21,228.52,223.09,5.43
2024-11-22,2024-11-22,229.87,223.34,6.53
2024-11-25,2024-11-25,232.87,223.8,9.07
2024-11-26,2024-11-26,235.06,225.18,9.88
2024-11-27,2024-11-27,234.93,227.12,7.81
2024-11-29,2024-11-29,237.33,228.48,8.85
2024-12-02,2024-12-02,239.59,229.99,9.6
2024-12-03,2024-12-03,242.65,231.74,10.91
2024-12-04,2024-12-04,243.01,233.96,9.05
2024-12-05,2024-12-05,243.04,235.59,7.45
2024-12-06,2024-12-06,242.84,236.37,6.47
2024-12-09,2024-12-09,246.75,236.43,10.32
2024-12-10,2024-12-10,247.77,237.53,10.24
2024-12-11,2024-12-11,246.49,238.85,7.64
2024-12-12,2024-12-12,247.96,239.25,8.71
2024-12-13,2024-12-13,248.13,239.71,8.42
2024-12-16,2024-12-16,251.04,240.02,11.02
2024-12-17,2024-12-17,253.48,241.19,12.29
2024-12-18,2024-12-18,248.05,243.06,4.99
2024-12-19,2024-12-19,249.79,242.49,7.3
2024-12-20,2024-12-20,254.49,241.99,12.5
2024-12-23,2024-12-23,255.27,243.31,11.96
2024-12-24,2024-12-24,258.2,245.0,13.2
2024-12-26,2024-12-26,259.02,247.27,11.75
2024-12-27,2024-12-27,255.59,249.17,6.42
2024-12-30,2024-12-30,252.2,248.98,3.22
2024-12-31,2024-12-31,250.42,246.91,3.51
2025-01-02,2025-01-02,243.85,244.27,-0.42
2025-01-03,2025-01-03,243.36,239.99,3.37
2025-01-06,2025-01-06,245.0,236.61,8.39
2025-01-07,2025-01-07,242.21,235.39,6.82
2025-01-08,2025-01-08,242.7,234.44,8.26
2025-01-10,2025-01-10,236.85,234.29,2.56
2025-01-13,2025-01-13,234.4,232.51,1.89
2025-01-14,2025-01-14,233.28,230.12,3.16
2025-01-15,2025-01-15,237.87,228.08,9.79
2025-01-16,2025-01-16,228.26,228.61,-0.35
2025-01-17,2025-01-17,229.98,226.44,3.54
2025-01-21,2025-01-21,222.64,224.94,-2.3
2025-01-22,2025-01-22,223.83,221.61,2.22
2025-01-23,2025-01-23,223.66,219.38,4.28
2025-01-24,2025-01-24,222.78,218.28,4.5
2025-01-27,2025-01-27,229.86,217.72,12.14
2025-01-28,2025-01-28,238.26,220.14,18.12
2025-01-29,2025-01-29,239.36,225.73,13.63
2025-01-30,2025-01-30,237.59,230.85,6.74
2025-01-31,2025-01-31,236.0,233.4,2.6
2025-02-03,2025-02-03,228.01,233.49,-5.48
2025-02-04,2025-02-04,232.8,229.69,3.11
2025-02-05,2025-02-05,232.47,227.48,4.99
2025-02-06,2025-02-06,233.22,226.25,6.97
2025-02-07,2025-02-07,227.63,226.01,1.62
2025-02-10,2025-02-10,227.65,224.22,3.43
2025-02-11,2025-02-11,232.62,222.62,10.0
2025-02-12,2025-02-12,236.87,223.43,13.44
2025-02-13,2025-02-13,241.53,226.31,15.22
2025-02-14,2025-02-14,244.6,230.58,14.02
2025-02-18,2025-02-18,244.47,234.95,9.52
2025-02-19,2025-02-19,244.87,237.72,7.15
2025-02-20,2025-02-20,245.83,239.03,6.8
2025-02-21,2025-02-21,245.55,239.56,5.99
2025-02-24,2025-02-24,247.1,239.36,7.74
2025-02-25,2025-02-25,247.04,239.41,7.63
2025-02-26,2025-02-26,240.36,239.37,0.99
2025-02-27,2025-02-27,237.3,236.85,0.45
2025-02-28,2025-02-28,241.84,233.32,8.52
2025-03-03,2025-03-03,238.03,232.35,5.68
2025-03-04,2025-03-04,235.93,231.2,4.73
2025-03-05,2025-03-05,235.74,229.79,5.95
2025-03-06,2025-03-06,235.33,228.86,6.47
2025-03-07,2025-03-07,239.07,228.36,10.71
2025-03-10,2025-03-10,227.48,229.63,-2.15
2025-03-11,2025-03-11,220.84,226.97,-6.13
2025-03-12,2025-03-12,216.98,221.76,-4.78
2025-03-13,2025-03-13,209.68,216.22,-6.54
2025-03-14,2025-03-14,213.49,210.02,3.47
2025-03-17,2025-03-17,214.0,207.24,6.76
2025-03-18,2025-03-18,212.69,206.88,5.81
2025-03-19,2025-03-19,215.24,207.24,8.0
2025-03-20,2025-03-20,214.1,208.83,5.27
2025-03-21,2025-03-21,218.27,210.02,8.25
2025-03-24,2025-03-24,220.73,212.22,8.51
2025-03-25,2025-03-25,223.75,214.85,8.9
2025-03-26,2025-03-26,221.53,217.75,3.78
2025-03-27,2025-03-27,223.85,218.88,4.97
2025-03-28,2025-03-28,217.9,219.73,-1.83
2025-03-31,2025-03-31,222.13,217.93,4.2
2025-04-01,2025-04-01,223.19,217.25,5.94
2025-04-02,2025-04-02,223.89,217.38,6.51
2025-04-03,2025-04-03,203.19,217.94,-14.75
2025-04-04,2025-04-04,188.38,211.16,-22.78
2025-04-07,2025-04-07,181.46,199.29,-17.83
2025-04-08,2025-04-08,172.42,187.47,-15.05
2025-04-09,2025-04-09,198.85,176.74,22.11
2025-04-10,2025-04-10,190.42,178.98,11.44
2025-04-11,2025-04-11,198.15,182.31,15.84
2025-04-14,2025-04-14,202.52,188.07,14.45
2025-04-15,2025-04-15,202.14,194.52,7.62
2025-04-16,2025-04-16,194.27,199.09,-4.82
2025-04-17,2025-04-17,196.98,198.81,-1.83
2025-04-21,2025-04-21,193.16,197.75,-4.59
2025-04-22,2025-04-22,199.74,195.22,4.52
2025-04-23,2025-04-23,204.6,195.11,9.49
2025-04-24,2025-04-24,208.37,197.37,11.0
2025-04-25,2025-04-25,209.28,200.92,8.36
2025-04-28,2025-04-28,210.14,204.02,6.12
2025-04-29,2025-04-29,211.21,206.17,5.04
2025-04-30,2025-04-30,212.5,207.52,4.98
2025-05-01,2025-05-01,213.32,208.46,4.86
2025-05-02,2025-05-02,205.35,209.09,-3.74
2025-05-05,2025-05-05,198.89,206.53,-7.64
2025-05-06,2025-05-06,198.51,201.49,-2.98
2025-05-07,2025-05-07,196.25,197.14,-0.89
2025-05-08,2025-05-08,197.49,193.7,3.79
2025-05-09,2025-05-09,198.53,192.25,6.28
2025-05-12,2025-05-12,210.79,192.45,18.34
2025-05-13,2025-05-13,212.93,197.49,15.44
2025-05-14,2025-05-14,212.33,203.36,8.97
2025-05-15,2025-05-15,211.45,207.48,3.97
2025-05-16,2025-05-16,211.26,209.32,1.94
2025-05-19,2025-05-19,208.78,209.57,-0.79
2025-05-20,2025-05-20,206.86,208.17,-1.31
2025-05-21,2025-05-21,202.09,205.88,-3.79
2025-05-22,2025-05-22,201.36,202.31,-0.95
2025-05-23,2025-05-23,195.27,199.23,-3.96
2025-05-27,2025-05-27,200.21,195.27,4.94
2025-05-28,2025-05-28,200.42,194.12,6.3
2025-05-29,2025-05-29,199.95,194.45,5.5
2025-05-30,2025-05-30,200.85,195.17,5.68
2025-06-02,2025-06-02,201.7,196.22,5.48
2025-06-03,2025-06-03,203.27,197.4,5.87
2025-06-04,2025-06-04,202.82,198.82,4.0
2025-06-05,2025-06-05,200.63,199.69,0.94
2025-06-06,2025-06-06,203.92,199.32,4.6
2025-06-09,2025-06-09,201.45,199.75,1.7
2025-06-10,2025-06-10,202.67,199.38,3.29
2025-06-11,2025-06-11,198.78,199.26,-0.48
2025-06-12,2025-06-12,199.2,197.9,1.3
2025-06-13,2025-06-13,196.45,196.71,-0.26
2025-06-16,2025-06-16,198.42,195.01,3.41
2025-06-17,2025-06-17,195.64,194.41,1.23
2025-06-18,2025-06-18,196.58,193.44,3.14
2025-06-20,2025-06-20,201.0,193.06,7.94
2025-06-23,2025-06-23,201.5,194.54,6.96
2025-06-24,2025-06-24,200.3,196.36,3.94
2025-06-25,2025-06-25,201.56,197.34,4.22
2025-06-26,2025-06-26,201.0,198.14,2.86
2025-06-27,2025-06-27,201.08,198.39,2.69
2025-06-30,2025-06-30,205.17,198.34,6.83
2025-07-01,2025-07-01,207.82,199.56,8.26
2025-07-02,2025-07-02,212.44,201.65,10.79
2025-07-03,2025-07-03,213.55,204.91,8.64
2025-07-07,2025-07-07,209.95,207.8,2.15
2025-07-08,2025-07-08,210.01,208.29,1.72
2025-07-09,2025-07-09,211.14,207.75,3.39
2025-07-10,2025-07-10,212.41,207.29,5.12
2025-07-11,2025-07-11,211.16,207.36,3.8
2025-07-14,2025-07-14,208.62,207.1,1.52
2025-07-15,2025-07-15,209.11,205.94,3.17
2025-07-16,2025-07-16,210.16,205.03,5.13
2025-07-17,2025-07-17,210.02,204.88,5.14
2025-07-18,2025-07-18,211.18,205.02,6.16
2025-07-21,2025-07-21,212.48,205.66,6.82
2025-07-22,2025-07-22,214.4,206.74,7.66
2025-07-23,2025-07-23,214.15,208.29,5.86
2025-07-24,2025-07-24,213.76,209.4,4.36
2025-07-25,2025-07-25,213.88,209.85,4.03
2025-07-28,2025-07-28,214.05,209.94,4.11
2025-07-29,2025-07-29,211.27,209.88,1.39
2025-07-30,2025-07-30,209.05,208.8,0.25
2025-07-31,2025-07-31,207.57,206.96,0.61
2025-08-01,2025-08-01,202.38,204.97,-2.59
2025-08-04,2025-08-04,203.35,201.82,1.53
2025-08-05,2025-08-05,202.92,199.76,3.16
2025-08-06,2025-08-06,213.25,198.65,14.6
2025-08-07,2025-08-07,220.03,201.9,18.13
2025-08-08,2025-08-08,229.35,207.94,21.41
2025-08-11,2025-08-11,227.18,216.25,10.93
2025-08-12,2025-08-12,229.65,221.74,7.91
2025-08-13,2025-08-13,233.33,225.2,8.13
2025-08-14,2025-08-14,232.78,227.81,4.97
2025-08-15,2025-08-15,231.59,228.73,2.86
2025-08-18,2025-08-18,230.89,228.09,2.8
2025-08-19,2025-08-19,230.56,226.67,3.89
2025-08-20,2025-08-20,226.01,225.2,0.81
2025-08-21,2025-08-21,224.9,222.52,2.38
2025-08-22,2025-08-22,227.76,219.98,7.78
2025-08-25,2025-08-25,227.16,219.41,7.75
2025-08-26,2025-08-26,229.31,219.54,9.77
2025-08-27,2025-08-27,230.49,220.76,9.73
2025-08-28,2025-08-28,232.56,222.43,10.13
2025-08-29,2025-08-29,232.14,224.49,7.65
2025-09-02,2025-09-02,229.72,225.85,3.87
2025-09-03,2025-09-03,238.47,225.66,12.81
2025-09-04,2025-09-04,239.78,228.1,11.68
2025-09-05,2025-09-05,239.69,230.92,8.77
2025-09-08,2025-09-08,237.88,232.82,5.06
2025-09-09,2025-09-09,234.35,233.04,1.31
2025-09-10,2025-09-10,226.79,231.27,-4.48
2025-09-11,2025-09-11,230.03,226.69,3.34
2025-09-12,2025-09-12,234.07,223.92,10.15
2025-09-15,2025-09-15,236.7,224.1,12.6
2025-09-16,2025-09-16,238.15,226.2,11.95
2025-09-17,2025-09-17,238.99,228.83,10.16
2025-09-18,2025-09-18,237.88,231.11,6.77
2025-09-19,2025-09-19,245.5,232.1,13.4
2025-09-22,2025-09-22,256.08,235.01,21.07
2025-09-23,2025-09-23,254.43,241.22,13.21
2025-09-24,2025-09-24,252.31,245.59,6.72
2025-09-25,2025-09-25,256.87,246.95,9.92
2025-09-26,2025-09-26,255.46,248.29,7.17
2025-09-29,2025-09-29,254.43,248.35,6.08
2025-09-30,2025-09-30,254.63,247.43,7.2
2025-10-01,2025-10-01,255.45,246.45,9.0
2025-10-02,2025-10-02,257.13,246.01,11.12
2025-10-03,2025-10-03,258.02,246.46,11.56
2025-10-06,2025-10-06,256.69,247.36,9.33
2025-10-07,2025-10-07,256.48,247.63,8.85
2025-10-08,2025-10-08,258.06,247.56,10.5
2025-10-09,2025-10-09,254.04,248.0,6.04
2025-10-10,2025-10-10,245.27,246.98,-1.71
2025-10-13,2025-10-13,247.66,242.73,4.93
2025-10-14,2025-10-14,247.77,239.92,7.85
2025-10-15,2025-10-15,249.34,238.63,10.71
2025-10-16,2025-10-16,247.45,238.99,8.46
2025-10-17,2025-10-17,252.29,239.21,13.08
2025-10-20,2025-10-20,262.24,241.21,21.03
2025-10-21,2025-10-21,262.77,246.74,16.03
2025-10-22,2025-10-22,258.45,251.61,6.84
2025-10-23,2025-10-23,259.58,252.94,6.64
2025-10-24,2025-10-24,262.82,252.95,9.87
2025-10-27,2025-10-27,268.81,253.5,15.31
2025-10-28,2025-10-28,269.0,256.0,13.0
2025-10-29,2025-10-29,269.7,258.13,11.57
2025-10-30,2025-10-30,271.4,259.51,11.89
2025-10-31,2025-10-31,270.37,260.65,9.72
2025-11-03,2025-11-03,269.05,260.77,8.28
2025-11-04,2025-11-04,270.04,259.93,10.11
2025-11-05,2025-11-05,270.14,259.38,10.76
2025-11-06,2025-11-06,269.77,259.09,10.68
2025-11-07,2025-11-07,268.47,258.85,9.62
2025-11-10,2025-11-10,269.43,258.25,11.18
2025-11-11,2025-11-11,275.25,258.16,17.09
2025-11-12,2025-11-12,273.47,260.43,13.04
2025-11-13,2025-11-13,272.95,261.96,10.99
2025-11-14,2025-11-14,272.41,262.57,9.84
2025-11-17,2025-11-17,267.46,262.45,5.01
2025-11-18,2025-11-18,267.44,260.29,7.15
2025-11-19,2025-11-19,268.56,258.28,10.28
2025-11-20,2025-11-20,266.25,257.45,8.8
2025-11-21,2025-11-21,271.49,256.48,15.01
2025-11-24,2025-11-24,275.92,257.84,18.08
2025-11-25,2025-11-25,276.97,261.1,15.87
2025-11-26,2025-11-26,277.55,264.21,13.34
2025-11-28,2025-11-28,278.85,266.35,12.5
2025-12-01,2025-12-01,283.1,267.8,15.3
2025-12-02,2025-12-02,286.19,269.95,16.24
2025-12-03,2025-12-03,284.15,272.48,11.67
2025-12-04,2025-12-04,280.7,273.3,7.4
2025-12-05,2025-12-05,278.78,271.87,6.91
2025-12-08,2025-12-08,277.89,269.44,8.45
2025-12-09,2025-12-09,277.18,267.17,10.01
2025-12-10,2025-12-10,278.78,265.5,13.28
2025-12-11,2025-12-11,278.03,265.27,12.76
2025-12-12,2025-12-12,278.28,265.39,12.89
2025-12-15,2025-12-15,274.11,265.77,8.34
2025-12-16,2025-12-16,274.61,264.66,9.95
2025-12-17,2025-12-17,271.84,263.77,8.07
2025-12-18,2025-12-18,272.19,262.3,9.89
2025-12-19,2025-12-19,273.67,261.4,12.27
2025-12-22,2025-12-22,270.97,261.62,9.35
2025-12-23,2025-12-23,272.36,261.18,11.18
2025-12-24,2025-12-24,273.81,261.3,12.51
2025-12-26,2025-12-26,273.4,262.12,11.28
2025-12-29,2025-12-29,273.76,262.73,11.03
2025-12-30,2025-12-30,273.08,263.2,9.88
2025-12-31,2025-12-31,271.86,263.19,8.67
2026-01-02,2026-01-02,271.01,262.56,8.45
2026-01-05,2026-01-05,267.26,261.63,5.63
2026-01-06,2026-01-06,262.36,259.55,2.81
2026-01-07,2026-01-07,260.33,256.09,4.24
2026-01-08,2026-01-08,259.04,252.78,6.26
2026-01-09,2026-01-09,259.37,250.32,9.05
2026-01-12,2026-01-12,260.25,249.27,10.98
2026-01-13,2026-01-13,261.05,249.52,11.53
2026-01-14,2026-01-14,259.96,250.54,9.42
2026-01-15,2026-01-15,258.21,251.16,7.05
2026-01-16,2026-01-16,255.53,250.88,4.65
2026-01-20,2026-01-20,246.7,249.47,-2.77
2026-01-21,2026-01-21,247.65,245.0,2.65
2026-01-22,2026-01-22,248.35,241.58,6.77
2026-01-23,2026-01-23,248.04,239.96,8.08
2026-01-26,2026-01-26,255.41,239.49,15.92
2026-01-27,2026-01-27,258.27,242.37,15.9
2026-01-28,2026-01-28,256.44,246.4,10.04
2026-01-29,2026-01-29,258.28,248.77,9.51
2026-01-30,2026-01-30,259.48,250.42,9.06
2026-02-02,2026-02-02,270.01,251.54,18.47
2026-02-03,2026-02-03,269.48,255.79,13.69
2026-02-04,2026-02-04,276.49,259.08,17.41
2026-02-05,2026-02-05,275.91,263.31,12.6
2026-02-06,2026-02-06,278.12,265.82,12.3
2026-02-09,2026-02-09,274.62,267.46,7.16
2026-02-10,2026-02-10,273.68,266.66,7.02
2026-02-11,2026-02-11,275.5,264.84,10.66
2026-02-12,2026-02-12,261.73,263.86,-2.13
2026-02-13,2026-02-13,255.78,258.34,-2.56
2026-02-17,2026-02-17,263.88,251.35,12.53
2026-02-18,2026-02-18,264.35,249.48,14.87
2026-02-19,2026-02-19,260.58,250.18,10.4
2026-02-20,2026-02-20,264.58,250.36,14.22
2026-02-23,2026-02-23,266.18,252.05,14.13
2026-02-24,2026-02-24,272.14,254.32,17.82
2026-02-25,2026-02-25,274.23,258.25,15.98
2026-02-26,2026-02-26,272.95,262.04,10.91
2026-02-27,2026-02-27,264.18,263.88,0.3
2026-03-02,2026-03-02,264.72,261.1,3.62
2026-03-03,2026-03-03,263.75,257.96,5.79
2026-03-04,2026-03-04,262.52,255.34,7.18
2026-03-05,2026-03-05,260.29,253.34,6.95
2026-03-06,2026-03-06,257.46,251.49,5.97
